"match_id","gold_diff","xp_diff","cs_diff","kills_diff","gold_diff_top","xp_diff_top","cs_diff_top","gold_diff_jungle","xp_diff_jungle","cs_diff_jungle","gold_diff_mid","xp_diff_mid","cs_diff_mid","gold_diff_adc","xp_diff_adc","cs_diff_adc","gold_diff_support","xp_diff_support","cs_diff_support","blue_dragons","red_dragons","blue_voidgrubs","red_voidgrubs","first_blood","blue_avg_champion_wr","red_avg_champion_wr","synergy_diff","blue_has_duo","red_has_duo","blue_duo_impact","red_duo_impact","duo_impact_diff","blue_wins","red_wins","resultado","dragon_diff <- blue_dragons - red_dragons","voidgrubs_diff <- blue_voidgrubs - red_voidgrubs"
"BR1_3222474346",-989,-1118,17,-3,-663,-347,20,-130,-421,-8,1014,376,31,-1048,-160,-24,-162,-566,-2,0,0,0,0,0,0.550937098844673,0.606993006993007,-0.0560559081483344,1,1,0.201984126984127,-0.290518018018018,0.492502145002145,1,0,"Azul vence",0,0
"BR1_3222492840",2601,890,27,4,1129,648,31,885,318,-2,735,805,2,-117,-236,8,-31,-645,-12,0,1,3,0,1,0.536777327935223,0.475740856844305,0.0610364710909176,1,1,-0.0679302987197724,-0.134138517675103,0.0662082189553307,1,0,"Azul vence",-1,3
"BR1_3222509605",-2553,-2576,-13,-4,-907,-1318,-16,-253,-195,0,-478,-383,9,-485,-213,1,-430,-467,-7,0,0,3,0,0,0.452898176814585,0.529586834733893,-0.076688657919308,1,1,-0.013157894736842,0.113093775593776,-0.126251670330618,0,1,"Vermelho vence",0,3
"BR1_3222527713",-1431,-962,-13,-3,-8,5,0,214,531,20,426,82,1,-2318,-928,-28,255,-652,-6,0,1,3,0,0,0.489852193195776,0.526843411257673,-0.0369912180618966,1,1,-0.325792863657091,0.302743202743203,-0.628536066400293,0,1,"Vermelho vence",-1,3
"BR1_3223239788",1101,-124,15,2,286,-368,7,-381,-508,-15,451,232,12,453,-199,-4,292,719,15,0,0,1,2,0,0.533262458471761,0.565583566760037,-0.0323211082882765,1,1,-0.0166666666666667,-0.0238138138138138,0.00714714714714712,0,1,"Vermelho vence",0,-1
"BR1_3223296252",885,968,3,3,1956,2108,28,521,304,10,-513,-626,-6,-1214,-345,-20,135,-473,-9,0,1,0,0,0,0.524847665834058,0.512395762132604,0.0124519037014537,1,1,-0.0895833333333333,0.237521937521938,-0.327105270855271,0,1,"Vermelho vence",-1,0
"BR1_3223320390",800,918,63,0,1195,1192,49,382,-89,1,929,1014,30,-837,-562,-14,-869,-637,-3,0,0,3,0,1,0.491666838476902,0.548143236074271,-0.0564763975973683,1,1,0.244662004662005,-0.348504273504273,0.593166278166278,1,0,"Azul vence",0,3
"BR1_3223361766",-307,-1468,-7,-3,241,33,17,-741,-573,-8,-473,-286,-22,1067,334,17,-401,-976,-11,0,0,3,0,1,0.503287449392713,0.517898630181824,-0.0146111807891115,1,1,0.0121212121212121,-0.0166666666666667,0.0287878787878788,1,0,"Azul vence",0,3
"BR1_3223450108",-671,-774,14,-2,-596,-1124,-1,-121,-437,-10,844,1157,14,-160,55,5,-638,-425,6,0,1,0,3,0,0.459578362813657,0.519210183215536,-0.0596318204018786,1,0,-0.344512195121951,0,-0.344512195121951,0,1,"Vermelho vence",-1,-3
"BR1_3223463981",37,755,-5,1,-153,477,-7,449,747,14,849,6,-19,-152,155,10,-956,-630,-3,0,0,0,3,1,0.549428571428571,0.513882352941176,0.035546218487395,1,0,-0.117270658263305,0,-0.117270658263305,0,1,"Vermelho vence",0,-3
"BR1_3223609328",5126,3635,79,8,1425,1634,18,1389,879,16,1273,814,50,126,665,6,913,-357,-11,1,0,2,1,1,0.477529357938081,0.44520979020979,0.0323195677282911,1,1,0.0727513227513227,-0.170555555555556,0.243306878306878,1,0,"Azul vence",1,1
"BR1_3223790919",-1437,-1240,-43,0,-2313,-959,-62,-122,-121,1,138,-432,10,552,679,6,308,-407,2,0,0,0,3,1,0.566793650793651,0.462722427074586,0.104071223719064,1,0,-0.0166666666666666,0,-0.0166666666666666,1,0,"Azul vence",0,-3
"BR1_3223811732",-1250,-581,-32,-1,-890,-842,-31,-173,257,0,-451,-60,-22,-377,-586,14,641,650,7,0,1,0,3,0,0.487121650279545,0.505351170568562,-0.0182295202890168,0,0,0,0,0,0,1,"Vermelho vence",-1,-3
"BR1_3224069896",-1871,-435,-5,-4,-1788,-966,-26,-70,686,24,-1879,-1018,-26,1458,1219,24,408,-356,-1,0,1,3,0,1,0.42801802486013,0.505901960784314,-0.0778839359241837,0,1,0,-0.0166666666666667,0.0166666666666667,0,1,"Vermelho vence",-1,3
"BR1_3224094131",-448,-137,-25,-2,-1564,-1023,-36,367,675,12,476,629,8,597,-40,-2,-324,-378,-7,1,0,0,3,1,0.529259401283329,0.463966507177033,0.065292894106296,1,1,0.106050893550894,-0.0166666666666667,0.12271756021756,1,0,"Azul vence",1,-3
"BR1_3224099307",-1004,-1954,-5,-5,-1372,-2223,-24,-425,-87,-3,118,161,15,485,-2,-1,190,197,8,0,1,0,0,0,0.496691029900332,0.504968340896052,-0.00827731099571949,1,1,0.0505808005808005,0.132478632478632,-0.0818978318978319,0,1,"Vermelho vence",-1,0
"BR1_3224117438",-539,-348,9,-1,-1598,-452,-11,484,-148,3,737,311,12,645,378,6,-807,-437,-1,0,0,3,0,0,0.474317659352142,0.562703081232493,-0.0883854218803508,1,1,0.212167387167387,-0.00833333333333336,0.220500720500721,1,0,"Azul vence",0,3
"BR1_3224144721",-1144,-1848,-18,-6,1145,883,21,435,-148,-3,154,157,10,-2123,-1600,-32,-755,-1140,-14,1,0,0,0,0,0.48705424663234,0.447468671679198,0.0395855749531418,1,1,-0.0388176638176639,0.0551020408163265,-0.0939197046339904,0,1,"Vermelho vence",1,0
"BR1_3224159067",4350,1949,34,7,52,157,-27,775,-231,0,852,666,31,1617,876,30,1054,481,0,0,0,3,0,1,0.46309080331008,0.510339012720271,-0.0472482094101909,1,1,0.263425925925926,-0.0452380952380952,0.308664021164021,1,0,"Azul vence",0,3
"BR1_3224168857",2865,2871,72,4,1043,1141,17,1105,959,23,1421,466,19,-327,362,12,-377,-57,1,1,0,3,0,1,0.569946298427311,0.490577843209422,0.079368455217889,1,1,0.411714828381495,-0.214285714285714,0.626000542667209,1,0,"Azul vence",1,3
"BR1_3224170412",2546,1550,-1,5,1101,403,39,-333,272,-8,959,-36,-13,455,360,-16,364,551,-3,1,0,0,0,1,0.493218390804598,0.455183578241562,0.0380348125630355,0,1,0,-0.0555555555555555,0.0555555555555555,1,0,"Azul vence",1,0
"BR1_3224174796",-1561,-812,-37,-4,-1330,-848,-30,567,-181,-10,-65,308,-7,-611,54,12,-122,-145,-2,0,0,2,1,1,0.466738473459899,0.548265336196371,-0.0815268627364713,1,1,-0.0639285714285714,0.289423076923077,-0.353351648351648,0,1,"Vermelho vence",0,1
"BR1_3224180934",-432,686,6,0,667,782,6,-1890,-799,-8,524,629,2,171,258,11,96,-184,-5,0,1,0,3,0,0.474245862622461,0.498249742002064,-0.0240038793796031,1,1,-0.151785714285714,0.213963963963964,-0.365749678249678,0,1,"Vermelho vence",-1,-3
"BR1_3224188257",-531,-203,-20,-2,210,385,0,541,-198,-12,-11,-87,13,-1142,-554,-24,-129,251,3,0,1,3,0,1,0.454037297301054,0.541904761904762,-0.0878674646037075,1,1,-0.448863636363636,-0.0418811668811669,-0.406982469482469,0,1,"Vermelho vence",-1,3
"BR1_3224331430",-5810,-4871,-80,-11,-1183,-1236,-22,-447,-1486,-21,-1138,-515,-21,-1716,-1122,-14,-1326,-512,-2,0,1,0,0,1,0.557982456140351,0.515105494867989,0.0428769612723622,1,1,-0.191357399910031,-0.125,-0.0663573999100315,0,1,"Vermelho vence",-1,0
"BR1_3224347978",510,-648,2,3,329,845,1,-532,116,7,-236,-697,-8,255,-319,4,694,-593,-2,0,1,3,0,1,0.676089157030334,0.461157059314954,0.21493209771538,0,1,0,-0.0502631578947368,0.0502631578947368,1,0,"Azul vence",-1,3
"BR1_3224364801",-301,-1721,-20,0,885,-201,17,475,-210,-4,-298,-445,-8,-1208,-454,-33,-155,-411,8,0,1,0,0,1,0.506780867630701,0.506049213943951,0.0007316536867501,1,1,0.222795497185741,-0.0357142857142858,0.258509782900027,0,1,"Vermelho vence",-1,0
"BR1_3224384004",-1481,-1696,15,-4,-515,-609,3,277,-99,3,195,-143,3,-585,-698,5,-853,-147,1,0,0,0,3,1,0.46909419662608,0.487878787878788,-0.0187845912527083,1,1,-0.0535185185185185,0.304557637484467,-0.358076156002985,0,1,"Vermelho vence",0,-3
"BR1_3224399524",-836,-1249,-15,-1,-389,-200,-6,-447,-482,5,-531,-360,-12,381,-152,-5,150,-55,3,1,0,0,0,1,0.414223443223443,0.509962545403085,-0.0957391021796418,1,1,-0.131634366925065,0.233626373626374,-0.365260740551438,0,1,"Vermelho vence",1,0
"BR1_3224418971",830,331,2,1,194,-93,12,-76,165,10,-344,-330,-15,601,442,-5,455,147,0,1,0,0,2,0,0.448777056277056,0.55711759504863,-0.108340538771573,1,1,-0.141716549033622,0.256227724977725,-0.397944274011347,0,1,"Vermelho vence",1,-2
"BR1_3224422863",1388,683,24,2,-172,-729,-10,589,529,8,664,254,16,-417,829,17,724,-200,-7,0,0,0,0,1,0.460880893300248,0.443902411539328,0.0169784817609197,0,1,0,0.425,-0.425,0,1,"Vermelho vence",0,0
"BR1_3224441461",-1467,-623,-15,-2,-363,277,-10,-1056,-911,-13,941,259,12,-632,10,-8,-357,-258,4,0,1,3,0,1,0.478869731800766,0.590058340905798,-0.111188609105032,1,1,-0.274038461538462,0.0539520312629556,-0.327990492801417,0,1,"Vermelho vence",-1,3
"BR1_3224447950",1643,1598,35,2,497,407,12,-85,-198,7,440,572,9,341,157,-1,450,660,8,0,1,1,0,0,0.437792913656691,0.517399267399267,-0.0796063537425766,0,1,0,-0.170555555555556,0.170555555555556,0,1,"Vermelho vence",-1,1
"BR1_3224461289",-2012,-1360,-56,-2,-1679,-1180,-47,-208,1279,28,173,-414,-19,-30,-79,-4,-268,-966,-14,0,0,3,0,1,0.581784713885554,0.49245797339915,0.0893267404864043,1,1,0.0357142857142857,0.473015873015873,-0.437301587301587,0,1,"Vermelho vence",0,3
"BR1_3224471294",-4063,-2492,-34,-7,-1017,-1259,-13,-1034,-757,-10,-2026,-891,-6,-174,314,-2,188,101,-3,0,1,0,3,1,0.486918000431918,0.480070028011204,0.00684797242071367,1,1,-0.273119010619011,-0.0303013097130745,-0.242817700905936,0,1,"Vermelho vence",-1,-3
"BR1_3224473648",-3558,-2235,-82,-3,-1168,-772,-41,-249,-166,-1,-1347,-786,-29,-734,-380,-3,-60,-131,-8,0,0,0,3,0,0.494967032967033,0.489667434942137,0.00529959802489577,1,0,-0.271966089466089,0,-0.271966089466089,0,1,"Vermelho vence",0,-3
"BR1_3224491555",-2216,-1894,-61,-2,1171,609,18,-1310,-670,-23,226,123,-2,-1755,-850,-46,-548,-1106,-8,0,0,3,0,1,0.530616155774051,0.537362637362637,-0.00674648158858693,1,1,0.344322344322344,-0.126666666666667,0.470989010989011,1,0,"Azul vence",0,3
"BR1_3224495940",3312,2627,10,11,-1022,-1093,-20,1695,1842,40,-1028,-147,-24,2516,1503,15,1151,522,-1,1,0,3,0,0,0.474213440379769,0.505421052631579,-0.03120761225181,1,1,-0.0387464387464387,-0.226190476190476,0.187444037444037,1,0,"Azul vence",1,3
"BR1_3224502768",279,190,10,-2,620,550,13,-426,-110,0,-1108,-793,-5,-69,-354,-13,1262,897,15,0,1,0,3,1,0.495804195804196,0.511025106287742,-0.0152209104835466,1,1,-0.316388888888889,0.0833333333333334,-0.399722222222222,0,1,"Vermelho vence",-1,-3
"BR1_3224503793",-146,82,-5,0,151,434,24,-298,347,-3,-458,-629,-9,354,61,-9,105,-131,-8,0,0,0,0,1,0.554314346338274,0.452885025184037,0.101429321154237,1,1,0.186874236874237,-0.0325670498084292,0.219441286682666,1,0,"Azul vence",0,0
"BR1_3224508708",434,616,20,0,209,878,2,-1117,-854,-13,1153,394,25,349,528,12,-160,-330,-6,0,0,3,0,1,0.417664160401003,0.487139110889111,-0.0694749504881084,1,1,-0.0166666666666666,0.0826923076923077,-0.0993589743589743,0,1,"Vermelho vence",0,3
"BR1_3224511658",1884,1732,76,1,376,258,18,688,893,16,1046,559,27,134,119,12,-360,-97,3,0,0,3,0,0,0.579222222222222,0.467888888888889,0.111333333333333,0,0,0,0,0,1,0,"Azul vence",0,3
"BR1_3224545787",1849,1236,-6,4,-37,139,6,1238,804,11,1122,456,-7,-700,-127,-16,226,-36,0,0,1,3,0,1,0.556122309063486,0.466284161868462,0.089838147195024,1,1,0.0773809523809524,0,0.0773809523809524,1,0,"Azul vence",-1,3
"BR1_3224550216",-3684,-3073,-76,-3,15,91,0,-7,-271,-12,-3026,-1907,-29,-408,-663,-33,-258,-323,-2,0,1,3,0,0,0.456406926406926,0.492576804000953,-0.0361698775940262,1,0,0,0,0,0,1,"Vermelho vence",-1,3
"BR1_3224555589",4961,5369,26,11,0,0,0,0,0,0,0,0,0,0,0,0,0,0,0,0,0,0,0,1,0.5,0.425,0.075,0,0,0,0,0,1,0,"Azul vence",0,0
"BR1_3224562635",-137,-89,16,-1,763,123,18,100,105,16,-865,-307,-3,-273,67,-11,138,-77,-4,0,1,3,0,1,0.485960557070788,0.534367346938776,-0.0484067898679874,1,1,0.563492063492063,-0.0783189033189033,0.641810966810967,1,0,"Azul vence",-1,3
"BR1_3224589493",1098,1874,-30,7,313,322,-11,-5,1327,11,-880,-965,-32,1162,287,0,508,903,2,0,1,1,2,1,0.567822199730095,0.451745982603568,0.116076217126527,1,1,0.53,-0.316946778711485,0.846946778711485,1,0,"Azul vence",-1,-1
"BR1_3224599176",-705,-1704,-33,-1,538,-120,3,-465,-502,-6,78,-520,-15,-582,-442,-11,-274,-120,-4,0,0,0,3,1,0.308294817927171,0.555693050910442,-0.247398232983271,1,1,-0.27367638488962,-0.0106467488181043,-0.263029636071516,0,1,"Vermelho vence",0,-3
"BR1_3224602625",-197,-1055,-53,2,-916,-571,-39,675,-660,-21,132,-45,5,61,216,-2,-149,5,4,0,1,0,0,1,0.529097178683386,0.5249592760181,0.00413790266528613,1,1,-0.392857142857143,0.22132838721074,-0.614185530067883,0,1,"Vermelho vence",-1,0
"BR1_3224615398",-1983,-1223,-37,-2,-1741,-1833,-40,623,454,7,182,68,-1,-549,348,-2,-498,-260,-1,1,0,0,0,0,0.482274509803922,0.440557804768331,0.0417167050355905,1,1,0.129509379509379,-0.402841061377647,0.532350440887026,1,0,"Azul vence",1,0
"BR1_3224615510",3770,2353,21,8,1767,1949,44,1158,312,-3,928,438,13,-836,-187,-35,753,-159,2,0,1,3,0,1,0.539104251012146,0.466068833127657,0.073035417884489,1,1,0.479166666666667,-0.230566677121299,0.709733343787966,1,0,"Azul vence",-1,3
"BR1_3224630954",-1556,-2437,-4,-6,-1156,-1447,6,-880,-757,-23,88,84,10,385,-554,3,7,237,0,0,0,0,3,0,0.526301296720061,0.500205069124424,0.026096227595637,1,1,0.136904761904762,0.0833333333333334,0.0535714285714285,1,0,"Azul vence",0,-3
"BR1_3224633246",1794,-628,-8,5,-9,-395,-16,1317,-219,-5,73,257,-2,-336,159,12,749,-430,3,0,0,3,0,1,0.518666856573138,0.53549699772801,-0.0168301411548726,1,1,0.301569056741471,-0.392857142857143,0.694426199598613,1,0,"Azul vence",0,3
"BR1_3224659774",-1604,-967,-31,-3,-1293,-1187,-22,-449,-252,7,-1423,87,-2,1739,422,1,-178,-37,-15,0,0,0,3,1,0.486398761285551,0.492982456140351,-0.00658369485479948,1,1,-0.379166666666667,-0.0714285714285715,-0.307738095238095,0,1,"Vermelho vence",0,-3
"BR1_3224662196",635,1688,-14,2,1150,1274,0,683,785,19,107,-48,-19,-1232,-165,-19,-73,-158,5,0,1,2,1,0,0.490067742724383,0.433794871794872,0.0562728709295107,1,0,0.317445054945055,0,0.317445054945055,1,0,"Azul vence",-1,1
"BR1_3224667766",-910,-1021,-20,0,807,731,8,-540,-29,11,-1305,-1328,-24,273,-68,-1,-145,-327,-14,1,0,3,0,1,0.5249222999223,0.522480861244019,0.00244143867828062,1,1,-0.0384615384615384,-0.0672619047619048,0.0288003663003663,1,0,"Azul vence",1,3
"BR1_3224684457",-4518,-2460,-21,-8,-311,-533,3,-1892,-1245,-12,-454,-128,-9,-1021,-407,-7,-840,-147,4,0,1,0,1,0,0.490051087432492,0.504818536726432,-0.01476744929394,0,1,0,0.19047619047619,-0.19047619047619,0,1,"Vermelho vence",-1,-1
"BR1_3224696810",2,62,-39,1,797,891,0,67,-567,-19,52,787,5,-657,-650,-18,-257,-399,-7,1,0,3,0,0,0.512708267564629,0.469322203421194,0.043386064143435,0,1,0,-0.526282051282051,0.526282051282051,1,0,"Azul vence",1,3
"BR1_3224703541",4890,2885,33,10,647,408,-4,594,890,14,-86,431,6,2278,1028,21,1457,128,-4,0,0,3,0,1,0.550589293747188,0.399492650992981,0.151096642754207,1,0,-0.0263645224171539,0,-0.0263645224171539,1,0,"Azul vence",0,3
"BR1_3224721156",-147,430,5,-1,783,941,28,79,1563,33,1231,328,26,-1619,-1872,-81,-621,-530,-1,0,1,3,0,1,0.498333333333333,0.476215146887891,0.0221181864454422,1,1,-0.28531746031746,0.3625,-0.64781746031746,0,1,"Vermelho vence",-1,3
"BR1_3224723279",1595,1037,10,2,1799,1434,41,157,490,-1,862,46,-27,-645,65,-6,-578,-998,3,0,0,3,0,1,0.480177535230727,0.504810069060361,-0.0246325338296338,1,1,-0.312670565302144,0.293389103389103,-0.606059668691248,0,1,"Vermelho vence",0,3
"BR1_3224753063",-407,862,67,-3,353,311,14,558,1490,47,199,-44,16,-577,-157,-12,-940,-738,2,1,0,3,0,1,0.452773703645915,0.558799561580429,-0.106025857934515,1,1,-0.111613135402609,-0.00526891807379615,-0.106344217328813,0,1,"Vermelho vence",1,3
"BR1_3224770685",-958,-749,-42,2,631,825,2,117,610,10,-1279,-1473,-31,-392,-336,-22,-35,-375,-1,0,1,3,0,1,0.507619047619048,0.520197901006747,-0.0125788533876996,0,1,0,-0.103641456582633,0.103641456582633,0,1,"Vermelho vence",-1,3
"BR1_3224771676",3146,2218,38,7,1306,1232,24,1799,295,-8,653,228,12,-89,246,10,-523,217,0,0,1,3,0,1,0.441641025641026,0.462564102564103,-0.0209230769230769,1,1,-0.20952380952381,0.0680495430495431,-0.277573352573353,0,1,"Vermelho vence",-1,3
"BR1_3224805573",1059,-247,47,0,-323,-418,21,1216,982,20,604,-420,-3,-675,-617,8,237,226,1,0,0,0,1,0,0.536984724745559,0.565161943319838,-0.0281772185742787,0,1,0,0.0238095238095238,-0.0238095238095238,1,0,"Azul vence",0,-1
"BR1_3225020947",-1598,-1551,-17,-3,-1087,-595,1,469,-344,-9,-1693,-228,-16,1485,-237,2,-772,-147,5,0,1,3,0,1,0.472209270805096,0.501941035556053,-0.0297317647509568,1,1,-0.142307692307692,-0.0169956140350877,-0.125312078272605,0,1,"Vermelho vence",-1,3
"BR1_3225038257",63,871,38,0,121,602,25,230,1056,36,-892,-241,-23,311,-337,-2,293,-209,2,1,0,3,0,0,0.523800679340516,0.47252067091897,0.0512800084215456,1,1,0.322307394502516,-0.143956456456456,0.466263850958973,1,0,"Azul vence",1,3
"BR1_3225045647",-978,-815,-15,-3,-53,-546,-2,845,-27,10,80,-179,-8,-942,-542,-17,-908,479,2,0,1,2,1,0,0.468427070660276,0.563137254901961,-0.0947101842416849,1,1,-0.277815570672714,0.274091843116233,-0.551907413788947,0,1,"Vermelho vence",-1,1
"BR1_3225064213",-293,169,-37,-1,-97,27,-5,-405,375,-4,92,-38,-9,-503,-338,-18,620,143,-1,0,1,1,2,0,0.478670207656742,0.526649572649573,-0.0479793649928307,0,0,0,0,0,0,1,"Vermelho vence",-1,-1
"BR1_3225066898",291,8,-24,1,-171,-135,-17,-492,-337,-7,1309,348,2,-322,213,1,-33,-81,-3,0,1,0,3,0,0.47933112227942,0.538289732770745,-0.0589586104913252,1,1,-0.0881226053639848,0.408928571428571,-0.497051176792556,0,1,"Vermelho vence",-1,-3
"BR1_3225095087",2006,-352,-44,7,-308,-547,-8,287,-357,-18,-310,-791,-28,1115,265,17,1222,1078,-7,0,1,0,3,1,0.538295642243928,0.501469219950233,0.0368264222936956,1,1,-0.117927987582593,0.0826510989010989,-0.200579086483692,0,1,"Vermelho vence",-1,-3
"BR1_3225108565",336,913,3,3,59,-376,4,-1239,580,10,956,183,-5,219,451,9,341,75,-15,1,0,3,0,0,0.561761904761905,0.498515800482662,0.0632461042792423,1,1,-0.051469820384294,0.0826510989010989,-0.134120919285393,1,0,"Azul vence",1,3
"BR1_3225119330",-1613,-306,20,-4,-589,-386,-16,210,845,23,-31,283,4,-732,-727,7,-471,-321,2,0,0,3,0,0,0.503663003663004,0.579769552940285,-0.076106549277281,0,1,0,0.166015466015466,-0.166015466015466,0,1,"Vermelho vence",0,3
"BR1_3225151459",-2851,-2458,-17,-6,321,227,28,-205,-1247,-15,-2211,-873,4,-1344,-395,-30,588,-170,-4,0,1,0,3,1,0.493115126928514,0.535917777928202,-0.0428026509996881,1,1,-0.0555555555555555,0.197863395863396,-0.253418951418951,0,1,"Vermelho vence",-1,-3
"BR1_3225155186",-14,536,26,-1,-204,-148,9,-651,380,17,262,230,12,209,-372,-5,370,446,-7,1,0,0,2,0,0.447643474172886,0.498577852471692,-0.0509343782988061,1,1,-0.00602493249552074,0.0934628237259816,-0.0994877562215023,0,1,"Vermelho vence",1,-2
"BR1_3225173685",-122,-1028,-67,3,99,393,-13,687,-531,-16,-1407,-1057,-32,168,384,-6,331,-217,0,0,1,0,3,1,0.423477144324602,0.518439246339614,-0.0949621020150118,1,1,-0.0293055555555556,0.291904761904762,-0.321210317460317,0,1,"Vermelho vence",-1,-3
"BR1_3225181523",3280,1803,56,2,1172,1138,14,492,1090,17,188,-967,2,1265,661,36,163,-119,-13,1,0,0,3,1,0.4976331738437,0.462761229314421,0.0348719445292793,0,1,0,-0.167582417582418,0.167582417582418,1,0,"Azul vence",1,-3
"BR1_3225199164",3472,587,-4,9,-259,-89,-11,1059,-560,-13,1258,722,13,1844,479,10,-430,35,-3,1,0,2,1,0,0.556071301247772,0.530519841269841,0.0255514599779305,1,1,0.114996693121693,-0.0325789234612764,0.147575616582969,1,0,"Azul vence",1,1
"BR1_3225219995",-2841,-1327,-20,-7,769,431,32,-1496,-783,-11,-433,-777,-26,-1532,-1004,-31,-149,806,16,0,0,3,0,0,0.522050614504175,0.545333333333333,-0.0232827188291584,1,1,0.226058201058201,-0.166990171990172,0.393048373048373,1,0,"Azul vence",0,3
"BR1_3225336900",283,-1728,-1,-4,790,-34,26,1736,-610,-9,-638,-705,-10,-1157,-644,-7,-448,265,-1,1,0,0,3,0,0.451825483753195,0.568735042735043,-0.116909558981848,1,0,-0.236805555555556,0,-0.236805555555556,0,1,"Vermelho vence",1,-3
"BR1_3225350196",-2692,-2489,-13,-4,-548,-317,-13,-1651,-398,-1,106,-851,9,-876,-603,-8,277,-320,0,0,1,0,3,1,0.556631016042781,0.444161010558069,0.112470005484711,1,0,-0.506944444444444,0,-0.506944444444444,0,1,"Vermelho vence",-1,-3
"BR1_3225527800",7,-486,-21,0,248,74,-8,523,-191,-7,997,660,11,-1981,-603,-21,220,-426,4,0,1,3,0,0,0.471311355311355,0.579362248948162,-0.108050893636807,0,0,0,0,0,0,1,"Vermelho vence",-1,3
"BR1_3225533733",-1583,-1028,30,-7,-775,-1155,-4,-1413,333,14,1419,538,13,-513,-268,3,-301,-476,4,0,0,0,0,0,0.499587023605213,0.525615763546798,-0.0260287399415852,1,1,-0.370172764227642,0.300213675213675,-0.670386439441317,0,1,"Vermelho vence",0,0
"BR1_3225555792",-3638,-3023,-23,-10,-239,-370,-13,-1204,259,1,-1693,-2124,-19,-255,-541,9,-247,-247,-1,0,1,0,3,0,0.494140103593885,0.415917678812416,0.0782224247814695,1,1,-0.358630952380952,0.405,-0.763630952380952,0,1,"Vermelho vence",-1,-3
"BR1_3225570472",642,775,56,-5,839,775,29,-482,-530,2,741,1273,24,-761,-132,5,305,-611,-4,0,1,0,3,0,0.527316017316017,0.538465489312947,-0.0111494719969296,1,1,0.287393162393162,0.125396825396825,0.161996336996337,1,0,"Azul vence",-1,-3
"BR1_3225589320",-205,-1487,3,-2,-988,-980,-9,-129,-675,2,387,71,2,5,18,2,520,79,6,0,0,3,0,0,0.528779842706313,0.471656461058455,0.057123381647858,1,1,-0.0328671328671328,0.167735042735043,-0.200602175602176,0,1,"Vermelho vence",0,3
"BR1_3225593418",31,-338,-28,2,137,-293,17,-675,-572,-23,711,722,7,-498,-513,-21,356,318,-8,0,1,3,0,0,0.509840507944689,0.52440450688552,-0.0145639989408302,1,1,0.161273704884253,-0.0784290784290784,0.239702783313331,1,0,"Azul vence",-1,3
"BR1_3225596581",869,1697,0,6,1967,1935,33,-1253,-63,0,658,-387,-21,-522,59,-10,19,153,-2,0,0,3,0,1,0.457695906432748,0.508825711779725,-0.0511298053469766,1,1,-0.399487179487179,0.0105950812472552,-0.410082260734435,0,1,"Vermelho vence",0,3
"BR1_3225612335",-920,-883,-21,-3,255,661,32,1163,452,2,-702,-1116,-22,-1434,-703,-36,-202,-177,3,0,0,3,0,1,0.48703720751822,0.462195011337868,0.0248421961803517,1,1,-0.131410256410256,0.120124766676491,-0.251535023086747,0,1,"Vermelho vence",0,3
"BR1_3225614075",-2656,-3056,-87,-4,-186,-95,-4,-758,-1681,-22,-1812,-1678,-39,-795,170,-10,895,228,-12,1,0,0,2,1,0.485590164027614,0.524661230609997,-0.039071066582383,1,1,-0.16465367965368,0.161187348687349,-0.325841028341028,0,1,"Vermelho vence",1,-2
"BR1_3225629002",356,611,1,3,-833,-162,-28,-19,421,13,502,-247,0,20,273,9,686,326,7,0,0,0,0,1,0.459435993121121,0.488340014793796,-0.028904021672675,1,1,0.238648648648649,-0.219512195121951,0.4581608437706,1,0,"Azul vence",0,0
"BR1_3225632965",-638,-555,-14,1,-902,-1070,-9,-774,-585,-8,-820,-738,-19,1667,932,27,191,906,-5,1,0,0,3,0,0.401,0.536616161616162,-0.135616161616162,1,0,-0.0384615384615384,0,-0.0384615384615384,0,1,"Vermelho vence",1,-3
"BR1_3225635681",-401,-363,39,-2,-760,-443,5,-583,-194,10,1390,451,33,-174,-22,-16,-274,-155,7,1,0,2,0,1,0.530808422383192,0.516277874172611,0.014530548210581,1,1,-0.077982202982203,0.308347902097902,-0.386330105080105,0,1,"Vermelho vence",1,2
"BR1_3225640536",-1901,-18,-37,-1,-1476,-307,-28,-660,286,12,-937,-151,-8,592,-89,-12,580,243,-1,0,0,0,0,0,0.462573099415205,0.540382919278109,-0.0778098198629044,1,1,0.119642857142857,0.0391489703989704,0.0804938867438867,0,1,"Vermelho vence",0,0
"BR1_3225658413",-900,-1565,2,-3,124,-564,0,-750,-701,-3,140,206,1,-538,-495,0,124,-11,4,0,1,0,3,1,0.454461924680778,0.453121212121212,0.00134071255956597,0,1,0,0.0714285714285714,-0.0714285714285714,0,1,"Vermelho vence",-1,-3
"BR1_3225679742",1632,1719,-13,7,-365,673,-8,-174,-72,3,590,367,-8,1429,-6,3,152,757,-3,0,0,0,3,0,0.458522198731501,0.535198926886771,-0.0766767281552695,1,1,-0.151587301587302,0.455294117647059,-0.60688141923436,0,1,"Vermelho vence",0,-3
"BR1_3225698471",1533,1175,46,2,-337,-27,5,-320,243,4,673,95,-1,721,1016,35,796,-152,3,0,0,3,0,1,0.606645735217164,0.468589743589744,0.13805599162742,0,1,0,-0.214285714285714,0.214285714285714,1,0,"Azul vence",0,3
"BR1_3225740430",-1460,-496,-19,-3,1374,680,22,-324,293,-6,-74,-111,-27,-1353,-726,-10,-1083,-632,2,0,0,3,0,1,0.543394383394383,0.450009157509157,0.0933852258852258,1,1,-0.0201023391812865,-0.142361111111111,0.122258771929825,1,0,"Azul vence",0,3
"BR1_3225822244",-88,-498,-9,0,-828,-558,-12,184,339,8,432,-49,0,-388,-115,-4,-112,-115,-1,0,0,0,0,1,0.454916094426519,0.428168831168831,0.0267472632576878,0,0,0,0,0,0,1,"Vermelho vence",0,0
"BR1_3225826060",2612,-216,24,5,-128,-489,4,1029,217,8,813,-323,4,99,247,17,799,132,-9,1,0,0,0,1,0.585194805194805,0.403160260969592,0.182034544225214,1,1,0.343018518518519,-0.00676510989010991,0.349783628408628,1,0,"Azul vence",1,0
"BR1_3226007846",1208,1719,18,4,-551,-577,-17,846,1485,23,193,658,5,518,-299,-2,202,452,9,1,0,0,3,1,0.559959650750042,0.551693106510897,0.00826654423914519,0,0,0,0,0,1,0,"Azul vence",1,-3
"BR1_3226026912",-2657,-1035,-25,-2,-125,-58,-1,221,348,4,-24,-72,-4,-1451,-1336,-31,-1278,83,7,0,1,0,3,1,0.506018889588503,0.511387771754969,-0.00536888216646558,1,1,0.0721153846153846,0.479166666666667,-0.407051282051282,0,1,"Vermelho vence",-1,-3
"BR1_3226041255",-652,123,54,-2,583,452,18,98,271,10,-397,-269,3,-271,90,19,-665,-421,4,0,0,0,0,0,0.551991775162507,0.465544217687075,0.0864475574754321,1,1,0.196190327287888,-0.263771271271271,0.45996159855916,1,0,"Azul vence",0,0
"BR1_3226045112",1776,1761,-5,5,380,469,-1,2322,765,11,-795,-487,-14,-545,543,-5,414,471,4,0,0,0,0,1,0.620839160839161,0.493176461509129,0.127662699330032,1,1,0.395673076923077,-0.204206349206349,0.599879426129426,1,0,"Azul vence",0,0
"BR1_3226047068",-4918,-1923,-50,-7,-596,-456,-26,-1777,-177,7,-1041,-751,-23,-1203,117,-13,-301,-656,5,0,0,0,0,1,0.50831007751938,0.518371735791091,-0.0100616582717108,0,1,0,0.0400641025641025,-0.0400641025641025,0,1,"Vermelho vence",0,0
"BR1_3226057403",-2603,-802,-58,-2,-746,-475,-23,-776,-298,-2,-1028,-495,-16,-89,171,-14,36,295,-3,0,1,0,3,0,0.526197666110979,0.534392823239694,-0.00819515712871499,1,1,-0.261583863087622,0.268620268620269,-0.530204131707891,0,1,"Vermelho vence",-1,-3
"BR1_3226061196",-1366,-564,9,-3,-555,-383,-26,-231,-204,-2,176,-268,14,-38,499,16,-718,-208,7,1,0,3,0,1,0.503457653457653,0.475614924757782,0.0278427286998714,1,1,0.0714285714285714,-0.182012195121951,0.253440766550523,1,0,"Azul vence",1,3
"BR1_3226066453",3802,946,-6,11,10,-482,1,1266,409,8,215,-533,-21,1363,421,11,948,1131,-5,0,0,2,0,1,0.512050194531207,0.499960497019321,0.0120896975118866,1,1,0.161132478632479,-0.174794199636778,0.335926678269257,1,0,"Azul vence",0,2
"BR1_3226075229",-1719,-1134,18,-5,1276,978,43,-697,-565,-7,-940,-715,5,-862,-424,-21,-496,-408,-2,0,1,3,0,0,0.518717083198096,0.517150278293135,0.00156680490496042,1,1,0.415873015873016,-0.19215057817999,0.608023594053006,1,0,"Azul vence",-1,3
"BR1_3226090169",-2950,-1325,-35,-5,-1872,-1918,-33,-441,272,9,-207,-82,-3,162,777,-9,-592,-374,1,1,0,0,3,0,0.460630961115187,0.542781425613724,-0.0821504644985367,1,1,-0.406046511627907,-0.0638760788868393,-0.342170432741068,0,1,"Vermelho vence",1,-3
"BR1_3226112395",5361,4951,115,3,747,779,-1,1803,2609,55,805,749,33,1357,904,32,649,-90,-4,0,1,3,0,1,0.469072307003341,0.482295482295482,-0.0132231752921409,1,1,0.140243902439024,0.138888888888889,0.00135501355013556,1,0,"Azul vence",-1,3
"BR1_3226129023",-488,-58,6,0,14,-259,12,118,19,-20,1156,1409,38,-1009,-850,-24,-767,-377,0,0,1,3,0,0,0.587214680744092,0.495134199134199,0.0920804816098933,1,1,0.227513227513228,-0.144512195121951,0.372025422635179,1,0,"Azul vence",-1,3
"BR1_3226177557",-5448,-3035,-59,-10,-2326,-2043,-40,-370,90,7,163,120,10,-2430,-1346,-41,-485,144,5,0,1,0,0,1,0.533507488679902,0.579655913978495,-0.0461484252985922,1,1,0.270051594746717,-0.281477684109263,0.55152927885598,1,0,"Azul vence",-1,0
"BR1_3226221325",-1640,969,-2,-8,0,0,0,0,0,0,0,0,0,0,0,0,0,0,0,0,0,0,0,0,0.514285714285714,0.474545454545455,0.0397402597402596,0,0,0,0,0,1,0,"Azul vence",0,0
"BR1_3226225254",1923,163,-9,5,331,165,5,912,824,9,623,-266,-11,-51,7,-5,108,-567,-7,1,0,0,0,1,0.453666666666667,0.562382528863542,-0.108715862196875,0,1,0,0.141071428571429,-0.141071428571429,0,1,"Vermelho vence",1,0
"BR1_3226243744",-95,-278,-3,0,1171,205,-8,-342,188,4,577,1069,26,-343,-845,-20,-1158,-895,-5,0,1,0,0,0,0.466583012787266,0.500243419638716,-0.0336604068514504,1,1,-0.196120689655172,0.219642857142857,-0.41576354679803,0,1,"Vermelho vence",-1,0
"BR1_3226265900",487,883,40,-1,-522,-1199,15,1643,1302,17,1169,1261,16,-1025,229,-1,-778,-710,-7,0,1,3,0,0,0.455681697612732,0.571830065359477,-0.116148367746745,1,0,0.0640096618357488,0,0.0640096618357488,0,1,"Vermelho vence",-1,3
"BR1_3226365807",-2162,-2374,-16,-3,-1360,-1368,-15,-916,-635,-2,-561,-1063,-28,788,396,29,-113,296,0,0,0,3,0,0,0.627517673736161,0.5449592760181,0.0825583977180615,1,1,0.138888888888889,-0.166666666666667,0.305555555555555,1,0,"Azul vence",0,3
"BR1_3226375720",5052,3772,129,8,410,-395,24,594,1415,34,1010,839,21,1544,1572,48,1494,341,2,1,0,3,0,0,0.544771241830065,0.551554219433066,-0.00678297760300106,1,1,0.287689393939394,-0.125058511468248,0.412747905407642,1,0,"Azul vence",1,3
"BR1_3226385996",2809,2737,20,6,1,490,-3,1331,510,9,788,507,25,270,870,-11,419,360,0,0,0,1,0,0,0.426625101653565,0.457742320009132,-0.0311172183555679,1,1,-0.129225427350427,0.458333333333333,-0.587558760683761,0,1,"Vermelho vence",0,1
"BR1_3226393891",-4748,-4252,-60,-9,-2641,-2372,-57,-1073,-1296,-20,-906,-452,-5,2,241,24,-130,-373,-2,0,1,0,0,0,0.373033388180447,0.493185577862997,-0.12015218968255,1,1,-0.0577777777777778,0.184911901823667,-0.242689679601444,0,1,"Vermelho vence",-1,0
"BR1_3226407992",-3421,-3036,-68,-6,-1529,-1547,-20,-659,-333,-15,-996,-992,-20,-31,-211,-8,-206,47,-5,0,1,0,3,0,0.490715920235371,0.526293949511205,-0.035578029275834,1,1,-0.367460317460317,0.251911908458398,-0.619372225918716,0,1,"Vermelho vence",-1,-3
"BR1_3226411489",-2137,-1709,-53,-3,-1300,-987,-46,-794,-705,-7,36,30,11,369,167,-5,-448,-214,-6,0,1,0,0,1,0.536888888888889,0.539977591036415,-0.00308870214752577,1,1,0.0145932539682539,-0.0232371794871795,0.0378304334554335,1,0,"Azul vence",-1,0
"BR1_3226424315",873,1642,27,3,1739,1332,24,449,1385,27,-1000,-763,-20,-23,-335,2,-292,23,-6,0,0,2,1,1,0.366283196823033,0.556886598781336,-0.190603401958303,1,1,-0.0714285714285715,0.0944444444444444,-0.165873015873016,0,1,"Vermelho vence",0,1
"BR1_3226430315",-3317,-1976,-57,-7,-1300,-171,-1,-512,-1332,-21,-1316,-954,-24,-185,452,-6,-4,29,-5,1,0,0,2,0,0.526497428239588,0.49194201278947,0.034555415450118,1,1,-0.466666666666667,-0.0590909090909091,-0.407575757575758,0,1,"Vermelho vence",1,-2
"BR1_3226457744",1024,2353,34,0,140,400,13,-185,-394,-23,-210,26,-19,1512,1202,51,-233,1119,12,1,0,0,3,0,0.566828609986505,0.467945230405313,0.0988833795811915,1,1,0.251059941520468,-0.109217171717172,0.36027711323764,1,0,"Azul vence",1,-3
"BR1_3226464949",-1463,-1112,-44,-1,-994,-1598,-39,-129,-553,-18,-293,274,-4,595,642,22,-642,123,-5,1,0,0,0,1,0.501742296918767,0.564920239181109,-0.0631779422623413,1,1,-0.583333333333333,0.117640580780116,-0.700973914113449,0,1,"Vermelho vence",1,0
"BR1_3226477218",-1701,-544,2,-4,404,555,25,-1205,-603,-5,-1559,-637,-28,487,-415,12,172,556,-2,0,0,0,0,0,0.530156820622986,0.511563186103577,0.0185936345194087,1,1,-0.0561011904761905,0.0265822140822141,-0.0826834045584046,0,1,"Vermelho vence",0,0
"BR1_3226489142",1012,1365,16,2,-1171,-673,-7,491,104,-1,383,988,8,683,957,9,626,-11,7,1,0,0,3,1,0.524932844932845,0.487643665571376,0.0372891793614686,1,1,0.331649831649832,-0.170058228960668,0.5017080606105,1,0,"Azul vence",1,-3
"BR1_3226489928",-779,-2773,-36,-1,1292,733,38,-1193,-887,-14,-2337,-3404,-70,930,142,11,529,643,-1,0,1,0,0,1,0.551563638772941,0.53408184162753,0.0174817971454112,0,1,0,0.0640096618357488,-0.0640096618357488,0,1,"Vermelho vence",-1,0
"BR1_3226495502",27,-298,41,-4,1611,1271,58,382,-70,-6,-559,-990,-17,-898,-531,-7,-509,22,13,0,0,2,1,0,0.550024363233666,0.504847022353245,0.0451773408804205,1,1,-0.003525641025641,-0.226637945387945,0.223112304362304,1,0,"Azul vence",0,1
"BR1_3226495826",1039,-371,-4,4,313,602,4,716,-190,1,-152,-505,-6,29,-112,-7,133,-166,4,0,0,3,0,1,0.535767397868238,0.564025949953661,-0.0282585520854226,1,1,0.280555555555556,-0.0957167832167832,0.376272338772339,1,0,"Azul vence",0,3
"BR1_3226514306",656,1155,33,1,-478,-252,-9,-622,-62,0,517,758,31,878,325,10,361,386,1,1,0,0,3,1,0.50385557299843,0.502315789473684,0.00153978352474593,1,1,0.0933333333333333,-0.167907458039037,0.26124079137237,1,0,"Azul vence",1,-3
"BR1_3226514635",-1926,-1081,-33,-6,-175,460,-2,885,88,-5,-566,-1424,-5,-1382,180,-12,-688,-385,-9,0,0,0,3,0,0.438038368907256,0.543915630468822,-0.105877261561566,1,1,-0.003525641025641,0.144781144781145,-0.148306785806786,0,1,"Vermelho vence",0,-3
"BR1_3226526089",-3270,-1474,25,-8,-1197,-375,-1,-756,-346,2,817,865,53,-1312,-682,-25,-822,-936,-4,1,0,0,3,0,0.492263345529599,0.461904664800319,0.03035868072928,1,1,0.0439393939393939,-0.00316700843016632,0.0471064023695603,1,0,"Azul vence",1,-3
"BR1_3226530133",-2793,-2963,11,-8,753,-21,31,-530,-95,6,-1082,-1094,-16,-1308,-1147,-18,-626,-606,8,0,1,3,0,0,0.507643618851049,0.510915777289166,-0.00327215843811723,1,1,-0.0368589743589743,-0.186603876603877,0.149744902244902,1,0,"Azul vence",-1,3
"BR1_3226537430",1963,2528,63,0,1375,1710,38,300,740,20,-1064,-451,-22,590,765,25,762,-236,2,1,0,0,0,0,0.57482152124371,0.510610644257703,0.0642108769860074,1,1,0.288347953216374,-0.265573685573686,0.55392163879006,1,0,"Azul vence",1,0
"BR1_3226545236",-2812,-1864,6,-8,338,329,24,-1091,-152,3,-75,100,4,-884,-1034,-28,-1100,-1107,3,0,0,2,0,0,0.427305718475073,0.541798364902546,-0.114492646427473,1,1,-0.393274522634988,0.183156755525177,-0.576431278160164,0,1,"Vermelho vence",0,2
"BR1_3226562031",3771,3597,58,6,1127,1494,46,1293,1044,19,1341,717,2,119,358,-5,-109,-16,-4,0,0,0,3,0,0.518306693306693,0.433548480221224,0.0847582130854687,1,1,0.252380952380952,-0.21712962962963,0.469510582010582,1,0,"Azul vence",0,-3
"BR1_3226568707",1576,613,13,2,-15,-267,-4,895,-80,-3,111,670,12,623,285,1,-38,5,7,0,1,0,3,0,0.464313499853336,0.454346471233193,0.0099670286201432,1,1,0.298832866479925,-0.249446589446589,0.548279455926515,1,0,"Azul vence",-1,-3
"BR1_3226572661",526,331,-15,4,93,804,13,494,-414,-11,1279,1297,25,-1328,-933,-37,-12,-423,-5,0,1,2,0,0,0.528111111111111,0.52674928701063,0.00136182410048136,1,1,-0.226565934065934,0.24422514619883,-0.470791080264765,0,1,"Vermelho vence",-1,2
"BR1_3226578426",1285,-435,-45,5,-1956,-1565,-44,-137,-500,-11,905,505,6,1914,422,13,559,703,-9,0,0,0,3,1,0.515789376579768,0.557070458952812,-0.0412810823730441,1,1,0.270436507936508,-0.21238844038844,0.482824948324948,1,0,"Azul vence",0,-3
"BR1_3226579915",6411,5086,52,14,1631,2230,23,648,224,1,763,1188,9,2210,1098,28,1159,346,-9,0,1,3,0,1,0.481338742393509,0.456895509572311,0.0244432328211985,1,1,0.187979797979798,-0.212808641975309,0.400788439955107,1,0,"Azul vence",-1,3
"BR1_3226583589",-121,-701,-12,-1,-908,-252,-8,1142,610,0,32,72,19,-345,-519,-20,-42,-612,-3,0,1,0,3,0,0.531816993464052,0.510348423506318,0.0214685699577341,1,1,0.230555555555556,-0.34543534762833,0.575990903183886,1,0,"Azul vence",-1,-3
"BR1_3226584326",-4161,-1812,-76,-6,-1647,-259,-21,-181,326,6,-732,-662,-18,-1011,-521,-30,-590,-696,-13,0,0,0,3,0,0.377052005012531,0.568367346938776,-0.191315341926244,1,1,-0.232142857142857,0.339962121212121,-0.572104978354978,0,1,"Vermelho vence",0,-3
"BR1_3226590151",252,1107,-14,1,673,263,8,-174,-139,-9,1112,1448,5,-1001,-11,-14,-358,-454,-4,0,1,0,3,0,0.534003736872624,0.542825396825397,-0.00882165995277251,1,1,-0.180054513387847,0.130590832590833,-0.310645345978679,0,1,"Vermelho vence",-1,-3
"BR1_3226592178",1724,-415,-53,5,347,658,6,1436,-312,-3,-1362,-1166,-38,288,-251,-12,1015,656,-6,0,1,0,3,1,0.453696156446664,0.475091575091575,-0.0213954186449117,1,1,-0.0849206349206349,-0.156944444444444,0.0720238095238095,1,0,"Azul vence",-1,-3
"BR1_3226595050",1188,2280,72,0,1118,587,31,366,883,19,79,904,19,-129,222,9,-246,-316,-6,0,1,0,0,0,0.51562980030722,0.532726851207864,-0.0170970509006443,1,1,0.141824379324379,-0.201862026862027,0.343686406186406,1,0,"Azul vence",-1,0
"BR1_3226598197",-2256,-942,-5,-2,-1032,-671,-13,34,-236,5,49,422,-1,-712,372,8,-595,-829,-4,0,1,0,2,0,0.510702317290553,0.558702024707377,-0.0479997074168245,1,1,-0.28858024691358,0.208433409913673,-0.497013656827253,0,1,"Vermelho vence",-1,-2
"BR1_3226604149",1035,1612,58,0,1955,1775,41,-715,-308,-5,349,-93,8,-869,352,13,315,-114,1,0,0,3,0,0,0.603582904339843,0.52142094017094,0.0821619641689028,1,1,0.0138888888888889,-0.121794871794872,0.135683760683761,1,0,"Azul vence",0,3
"BR1_3226605168",-451,1855,77,-2,1072,740,22,-1648,-193,-4,-172,145,18,174,1406,46,123,-243,-5,1,0,0,0,1,0.523139723022076,0.465680862175379,0.0574588608466973,1,1,0.0793650793650794,-0.273860398860399,0.353225478225478,1,0,"Azul vence",1,0
"BR1_3226605864",764,1644,66,-2,1649,1147,44,-904,-228,1,-760,378,0,793,-32,29,-14,379,-8,0,1,3,0,0,0.519776223776224,0.534176362852833,-0.0144001390766096,1,0,-0.0543650793650794,0,-0.0543650793650794,0,1,"Vermelho vence",-1,3
"BR1_3226608802",-2249,-2315,-63,1,-433,-585,-27,301,-435,-6,89,-413,2,-1575,-678,-27,-631,-204,-5,0,1,1,2,1,0.451897435897436,0.439923024912883,0.0119744109845529,1,1,0.000365497076023458,0.0439814814814815,-0.0436159844054581,0,1,"Vermelho vence",-1,-1
"BR1_3226636669",3470,1966,-24,11,158,63,-11,840,575,8,658,-240,-27,627,818,12,1187,750,-6,0,1,3,0,1,0.522303854875284,0.468803418803419,0.0535004360718647,1,1,0.222575757575758,-0.375656312498418,0.598232070074175,1,0,"Azul vence",-1,3
"BR1_3226654467",-3760,-2822,-12,-9,-847,-1085,-12,-1173,-796,-9,-135,153,15,-821,-157,-14,-784,-937,8,0,1,3,0,0,0.463201124362674,0.446448112841975,0.016753011520699,1,1,0.0651055621048119,0.342550505050505,-0.277444942945693,0,1,"Vermelho vence",-1,3
"BR1_3226659271",946,1148,32,-2,1272,1614,56,-748,-322,-5,-312,-565,-13,862,282,-11,-128,139,5,0,1,3,0,1,0.516626317416709,0.520412267471091,-0.00378595005438231,0,1,0,-0.0184552289815447,0.0184552289815447,1,0,"Azul vence",-1,3
"BR1_3226659875",-1658,-432,0,-1,817,1136,7,-478,-556,-8,-619,-315,-7,-935,9,7,-443,-706,1,0,1,1,2,0,0.47516339869281,0.486763285024155,-0.0115998863313442,0,1,0,-0.0863095238095238,0.0863095238095238,0,1,"Vermelho vence",-1,-1
"BR1_3226663079",-3940,-3020,-53,-6,-1159,-1385,-5,-1006,-646,-11,-1140,-1147,-39,-77,36,-3,-558,122,5,0,1,1,0,0,0.476418780747251,0.558113378684807,-0.0816945979375562,1,1,-0.377024291497976,0.186868686868687,-0.563892978366663,0,1,"Vermelho vence",-1,1
"BR1_3226667783",-2015,-1412,-6,-3,1094,596,26,-1042,-5,3,-1669,-426,-21,-207,-1612,-22,-191,35,8,1,0,1,2,0,0.481248091871962,0.542352011489025,-0.061103919617063,1,1,-0.548148148148148,0.329677113010446,-0.877825261158594,0,1,"Vermelho vence",1,-1
"BR1_3226671112",-2538,-1511,-19,-7,-169,215,-5,310,668,32,-470,-599,-28,-1732,-438,-21,-477,-1357,3,0,1,2,0,0,0.524775985918843,0.582564102564103,-0.0577881166452595,1,1,0.0745436105476673,0.21142629300524,-0.136882682457573,0,1,"Vermelho vence",-1,2
"BR1_3226672515",-1052,-1265,19,-3,638,-246,32,-377,3,0,-219,-48,1,-749,-379,-12,-345,-595,-2,0,0,0,0,0,0.553255020841228,0.405632787560498,0.147622233280729,1,1,0.158444859425252,-0.121212121212121,0.279656980637373,1,0,"Azul vence",0,0
"BR1_3226675540",-728,-2109,-56,0,-2141,-1619,-44,-264,-812,-22,-456,-103,-13,2023,1151,27,110,-726,-4,0,0,0,0,0,0.535753482679622,0.493764534454849,0.0419889482247721,1,1,-0.255515873015873,0.324074074074074,-0.579589947089947,0,1,"Vermelho vence",0,0
"BR1_3226683354",456,1721,23,1,-92,125,4,604,1031,18,-685,-551,-31,570,668,25,59,448,7,0,1,3,0,1,0.497929125138428,0.553936507936508,-0.0560073827980804,0,1,0,0.128787878787879,-0.128787878787879,0,1,"Vermelho vence",-1,3
"BR1_3226685685",4875,3988,68,9,1798,1819,45,1872,1332,24,1048,1027,16,5,678,-2,152,-868,-15,1,0,3,0,0,0.602226890756303,0.487789681774644,0.114437208981658,1,1,0.287777777777778,-0.190740740740741,0.478518518518519,1,0,"Azul vence",1,3
"BR1_3226691259",1201,-1,31,2,247,127,7,-476,-129,-2,-340,-333,5,1807,1018,31,-37,-684,-10,0,1,0,3,1,0.428013653013653,0.456331936385128,-0.0283182833714748,0,1,0,0.261493294420124,-0.261493294420124,0,1,"Vermelho vence",-1,-3
"BR1_3226695305",-659,-271,-19,0,214,259,12,-406,-410,-5,225,-266,-7,-136,206,-4,-556,-60,-15,0,1,2,0,0,0.444240925031316,0.577068519715578,-0.132827594684262,1,1,-0.26077380952381,0.25,-0.51077380952381,0,1,"Vermelho vence",-1,2
"BR1_3226695755",-233,-461,-35,1,-844,-957,-15,-566,-155,2,733,414,5,258,-245,-26,186,482,-1,0,1,2,0,0,0.410714285714286,0.524388970961127,-0.113674685246841,1,1,-0.0608465608465608,0.0200320512820513,-0.0808786121286121,0,1,"Vermelho vence",-1,2
"BR1_3226706039",-1170,182,6,-1,244,589,14,-1190,-158,1,709,520,2,-420,-139,-13,-513,-630,2,0,1,3,0,1,0.52491923281397,0.520163265306122,0.00475596750784746,0,1,0,0,0,0,1,"Vermelho vence",-1,3
"BR1_3226709285",313,-918,4,-2,1034,419,18,-37,-698,-17,-273,-282,13,-160,-81,-18,-251,-276,8,0,1,1,1,0,0.435555555555556,0.585937261395412,-0.150381705839856,1,1,-0.0242165242165243,0.304597701149425,-0.32881422536595,0,1,"Vermelho vence",-1,0
"BR1_3226714083",-579,-546,-18,1,224,423,7,125,-858,-13,300,116,3,-1402,-467,-24,174,240,9,0,1,3,0,1,0.455954211744603,0.497335424690608,-0.0413812129460047,0,1,0,0.513468013468014,-0.513468013468014,0,1,"Vermelho vence",-1,3
"BR1_3226718828",-692,-1063,-5,0,476,535,7,-89,-41,3,210,-296,4,-645,-562,-16,-644,-699,-3,1,0,3,0,1,0.50118650429987,0.531377525700106,-0.0301910214002364,1,1,0.0625,0.0724918356497304,-0.00999183564973043,0,1,"Vermelho vence",1,3
"BR1_3226726025",1535,491,7,3,-458,-745,-27,768,499,5,1176,480,36,192,146,-2,-143,111,-5,0,0,0,3,0,0.565466063348416,0.479924872728471,0.0855411906199454,1,1,0.185454545454545,-0.166666666666667,0.352121212121212,1,0,"Azul vence",0,-3
"BR1_3226732031",-803,207,12,-2,-1111,-502,-12,-73,218,14,874,297,16,-354,-31,-13,-139,225,7,1,0,0,3,1,0.527194638694639,0.439325396825397,0.0878692418692417,1,0,0.351355013550135,0,0.351355013550135,1,0,"Azul vence",1,-3
"BR1_3226734343",-730,-152,-36,-1,-800,-1176,-5,128,89,4,-590,-23,-16,302,137,-3,230,821,-16,0,0,0,3,0,0.524111560953666,0.608809523809524,-0.0846979628558577,0,0,0,0,0,0,1,"Vermelho vence",0,-3
"BR1_3226744553",1451,891,11,3,-204,-95,-2,982,-56,-4,8,206,-2,277,822,6,388,14,13,0,1,3,0,1,0.506493428140487,0.575589569160998,-0.0690961410205108,0,1,0,0.35,-0.35,0,1,"Vermelho vence",-1,3
"BR1_3226746835",-974,956,12,-1,2,756,-3,-628,334,27,96,-690,-4,-307,409,-3,-137,147,-5,1,0,1,0,0,0.490878787878788,0.494880305630813,-0.00400151775202479,0,1,0,0.10738416988417,-0.10738416988417,0,1,"Vermelho vence",1,1
"BR1_3226747996",-708,-399,-3,0,-1193,-832,-21,232,-31,5,394,431,7,-57,594,2,-84,-561,4,0,0,0,0,1,0.48718326479528,0.516681129929978,-0.029497865134698,1,1,0.4875,-0.0238095238095238,0.511309523809524,1,0,"Azul vence",0,0
"BR1_3226753820",-1290,-1515,9,-4,-260,449,15,157,-249,-1,-1062,-901,-16,-226,-914,9,101,100,2,1,0,0,3,0,0.505688580425423,0.557064425770308,-0.0513758453448856,1,1,-0.0398193760262726,-0.096494708994709,0.0566753329684364,0,1,"Vermelho vence",1,-3
"BR1_3226775998",-1761,-1609,-21,-4,-1241,-1212,-31,-689,364,12,-210,-755,-15,20,-172,12,359,166,1,1,0,0,2,0,0.479284188034188,0.584319727891156,-0.105035539856968,0,1,0,0.475,-0.475,0,1,"Vermelho vence",1,-2
"BR1_3226778428",-1622,-1100,-11,-2,178,185,13,-2189,-1082,-11,-832,-475,-25,384,63,9,837,209,3,0,0,0,3,1,0.522603181132593,0.475434565434565,0.0471686156980274,1,1,0.00243194192377494,-0.00459794123632936,0.0070298831601043,0,1,"Vermelho vence",0,-3
"BR1_3226791827",5049,3219,38,10,797,299,0,1634,451,6,188,315,-4,2153,1688,39,277,466,-3,0,0,2,1,1,0.564982683982684,0.50826250093992,0.0567201830427637,1,1,0.201465201465202,-0.125,0.326465201465202,1,0,"Azul vence",0,1
"BR1_3226799205",3257,1660,10,8,785,170,7,1311,669,11,201,-68,-12,641,611,2,319,278,2,0,0,0,3,1,0.517117761368053,0.345147397062582,0.171970364305471,1,1,0.296563706563707,-0.303704292527822,0.600267999091529,1,0,"Azul vence",0,-3
"BR1_3226802516",1561,2522,41,4,1538,1712,40,-6,606,4,104,682,4,-288,-261,-5,213,-217,-2,0,1,3,0,1,0.488847038019452,0.538730746231077,-0.0498837082116249,1,1,0.0400641025641025,0.128846153846154,-0.0887820512820514,0,1,"Vermelho vence",-1,3
"BR1_3226805015",3925,4710,43,8,1523,1181,26,54,217,4,1235,1993,22,642,943,-6,471,376,-3,1,0,3,0,0,0.560746738641475,0.451852594970573,0.108894143670903,1,1,0.355218855218855,0.00214097496706195,0.353077880251793,1,0,"Azul vence",1,3
"BR1_3226805096",950,771,1,4,-429,-466,-24,366,-348,1,303,915,14,1078,444,16,-368,226,-6,1,0,0,0,1,0.485676088617265,0.494475703324808,-0.00879961470754326,0,1,0,-0.125,0.125,0,1,"Vermelho vence",1,0
"BR1_3226816782",-119,323,18,-2,-102,-137,-4,935,548,15,258,132,21,-1120,-84,-4,-90,-136,-10,0,1,0,0,0,0.547676044885347,0.480287201106646,0.0673888437787008,1,1,-0.137415887198101,0.267017524168687,-0.404433411366788,0,1,"Vermelho vence",-1,0
"BR1_3226826806",520,1550,24,0,449,599,16,1138,1372,23,1108,457,17,-1143,-297,-18,-1032,-581,-14,0,0,0,0,1,0.572245406922826,0.497486631016043,0.0747587759067836,1,1,0.125,-0.176190476190476,0.301190476190476,1,0,"Azul vence",0,0
"BR1_3226831489",151,963,70,-1,1806,1416,25,923,752,17,1392,684,47,-3084,-767,-25,-886,-1122,6,0,1,3,0,1,0.534285714285714,0.44,0.0942857142857142,1,1,0.103787878787879,0.273226773226773,-0.169438894438894,1,0,"Azul vence",-1,3
"BR1_3226840722",1234,2616,-2,5,1598,2059,12,-192,-10,0,942,1573,15,-990,-557,-29,-124,-449,0,0,1,3,0,0,0.567601088082101,0.477115689584249,0.0904853984978514,1,1,-0.245872183372183,0.216179091179091,-0.462051274551274,0,1,"Vermelho vence",-1,3
"BR1_3226846318",-793,-628,-29,-2,-1629,-1387,-28,-192,188,8,896,123,-20,244,-18,-1,-112,466,12,0,1,0,3,0,0.47081351689612,0.531562228621052,-0.0607487117249321,1,1,-0.101808785529716,0.00817460317460317,-0.109983388704319,0,1,"Vermelho vence",-1,-3
"BR1_3226858095",376,56,-10,3,-426,-185,-16,-392,-42,-8,257,218,13,799,-372,-3,138,437,4,0,0,0,0,1,0.51612324929972,0.594034320042103,-0.0779110707423828,1,1,-0.0860566448801743,0.186161459868356,-0.272218104748531,0,1,"Vermelho vence",0,0
"BR1_3226858904",-2079,-1330,-42,-5,-1544,-1792,-32,-267,54,-1,-477,267,-6,79,191,-1,130,-50,-2,0,0,0,3,1,0.464217032967033,0.538147899572048,-0.0739308666050151,0,1,0,0.0238095238095238,-0.0238095238095238,0,1,"Vermelho vence",0,-3
"BR1_3226864815",25,-8,30,1,639,1228,11,783,128,1,-283,-479,11,-887,-511,-3,-227,-374,10,0,0,0,0,1,0.554534798534799,0.440744450091516,0.113790348443283,0,0,0,0,0,1,0,"Azul vence",0,0
"BR1_3226866453",375,-250,32,-2,179,183,14,-374,-643,-16,113,194,12,790,133,15,-333,-117,7,1,0,2,1,0,0.456313131313131,0.447194509484543,0.00911862182858825,1,1,-0.543560606060606,0.0763081092349385,-0.619868715295544,0,1,"Vermelho vence",1,1
"BR1_3226872527",1793,-51,4,5,1644,1058,19,1106,-258,-10,172,-297,8,-1277,-537,-9,148,-17,-4,0,1,3,0,0,0.57198223615465,0.541134154910564,0.0308480812440856,0,1,0,0.0868945868945869,-0.0868945868945869,1,0,"Azul vence",-1,3
"BR1_3226884917",-70,62,3,0,0,0,0,0,0,0,60,62,3,-30,0,0,-100,0,0,0,0,0,0,0,0.617631047523905,0.533601132760797,0.0840299147631081,1,1,0.0705128205128205,0.0380003126954346,0.0325125078173858,1,0,"Azul vence",0,0
"BR1_3226887336",-2426,-1263,-4,-8,-726,-197,5,-918,-771,-14,-415,-323,19,-993,-526,-19,626,554,5,0,0,1,2,0,0.405303117230828,0.532392705333882,-0.127089588103054,1,0,0.0397727272727273,0,0.0397727272727273,0,1,"Vermelho vence",0,-1
"BR1_3226891752",-1208,-1723,-50,0,-635,-640,-6,110,-21,-17,-1346,-1395,-26,131,-562,-8,532,895,7,0,1,0,3,1,0.503926319934647,0.452377021618869,0.0515492983157782,1,1,-0.146153846153846,0.339219064025266,-0.485372910179112,0,1,"Vermelho vence",-1,-3
"BR1_3226899357",30,216,0,0,-29,-62,-2,-49,-21,-2,-97,-62,-6,145,-1,9,696,402,1,0,0,0,0,0,0.51842735042735,0.52320882852292,-0.00478147809556972,1,1,0.320512820512821,-0.123130817983759,0.44364363849658,1,0,"Azul vence",0,0
"BR1_3226907076",-3764,-3054,-55,-7,-1468,-2400,-24,-1026,-466,-8,-530,48,-13,-1076,-2,-5,336,-234,-5,0,1,0,3,0,0.522397047397047,0.533693121693122,-0.0112960742960744,1,1,-0.223809523809524,0.0195195195195195,-0.243329043329043,0,1,"Vermelho vence",-1,-3
"BR1_3226908636",-507,44,5,-3,-1340,-1258,-15,460,769,21,979,781,21,-423,-57,-19,-183,-191,-3,1,0,0,0,1,0.498957816377171,0.439032634032634,0.0599251823445372,0,1,0,0.216515313390313,-0.216515313390313,0,1,"Vermelho vence",1,0
"BR1_3226909943",1756,1143,-19,6,1460,914,17,68,213,-8,266,-300,-34,-41,108,-8,3,208,14,0,1,0,0,0,0.462017676767677,0.498443223443223,-0.0364255466755467,1,1,-0.334148027898028,-0.111474867724868,-0.22267316017316,0,1,"Vermelho vence",-1,0
"BR1_3226914739",-1042,-1195,-6,-6,-168,-498,-1,163,-122,-10,-113,389,18,-721,-924,-14,-203,-40,1,0,1,1,2,1,0.48353976946748,0.486462585034014,-0.00292281556653329,1,1,-0.30952380952381,-0.0714285714285714,-0.238095238095238,0,1,"Vermelho vence",-1,-1
"BR1_3226914811",-196,-1226,27,-6,1307,808,45,991,47,-5,-438,-207,-2,-1628,-716,-5,-428,-1158,-6,0,0,0,3,1,0.481976549312756,0.472663497300717,0.00931305201203902,0,0,0,0,0,0,1,"Vermelho vence",0,-3
"BR1_3226916564",-1890,-449,-4,-2,223,430,2,193,780,17,-400,-707,-33,-221,-1377,-3,-1685,425,13,1,0,3,0,0,0.530682379812191,0.47048128342246,0.0602010963897309,1,1,-0.0611721611721611,0.0745415057915058,-0.135713666963667,0,1,"Vermelho vence",1,3
"BR1_3226920433",1221,995,22,0,570,677,15,172,166,12,322,784,9,104,-215,-11,53,-417,-3,0,0,0,3,1,0.535438169192351,0.4613859045728,0.0740522646195516,1,1,0.276518518518518,-0.250213675213675,0.526732193732194,1,0,"Azul vence",0,-3
"BR1_3226922541",-3178,-2853,-68,-4,-866,-945,-27,-1048,-693,-17,-336,172,2,-932,-1172,-26,4,-215,0,1,0,0,0,1,0.502098803157627,0.473337351818364,0.0287614513392623,1,1,-0.342857142857143,0.193993506493506,-0.536850649350649,0,1,"Vermelho vence",1,0
"BR1_3226922556",1238,605,31,2,-131,37,6,-971,-342,-8,1697,621,31,342,-113,12,301,402,-10,0,0,0,0,0,0.571443432298695,0.539076923076923,0.0323665092217722,1,1,-0.142307692307692,0.316666666666667,-0.458974358974359,0,1,"Vermelho vence",0,0
"BR1_3226924376",2,435,10,0,680,616,11,163,891,12,-8,172,1,-720,-861,-17,-113,-383,3,1,0,3,0,1,0.505219838837816,0.495288916627659,0.00993092221015746,1,0,0.452796114086437,0,0.452796114086437,1,0,"Azul vence",1,3
"BR1_3226928210",-1320,-242,16,-4,-404,-381,1,133,359,5,-519,-316,-14,-251,-285,13,-279,381,11,0,1,3,0,0,0.542759490699994,0.564025949953661,-0.0212664592536668,1,1,-0.551619433198381,0.0731481481481482,-0.624767581346529,0,1,"Vermelho vence",-1,3
"BR1_3226931235",1838,1362,60,4,-29,49,3,774,417,13,1474,775,34,-436,372,11,55,-251,-1,0,0,1,0,1,0.55447914658441,0.523743852055872,0.0307352945285374,1,1,0.306695156695157,-0.35007684154743,0.656771998242587,1,0,"Azul vence",0,1
"BR1_3226933649",698,1099,-21,1,-874,-291,-25,1620,722,5,-817,-14,-19,203,-231,10,566,913,8,1,0,1,2,0,0.571986379633438,0.542244755244755,0.0297416243886831,1,1,-0.122702702702703,0.214692714692715,-0.337395417395417,0,1,"Vermelho vence",1,-1
"BR1_3226936146",-2708,-2102,-46,-4,-840,-443,-23,-721,-887,-16,-1034,-388,-5,182,-297,-8,-295,-87,6,1,0,3,0,1,0.427086834733894,0.528279202279202,-0.101192367545309,1,1,0.0238095238095238,0.0985576923076923,-0.0747481684981685,0,1,"Vermelho vence",1,3
"BR1_3226962476",810,1850,8,2,-157,-169,-25,313,616,5,1179,1114,13,-102,308,15,-423,-19,0,0,1,0,3,0,0.551685765215177,0.414632354029775,0.137053411185401,0,0,0,0,0,1,0,"Azul vence",-1,-3
"BR1_3226965958",-3806,-3550,-70,-9,377,498,1,-928,-1599,-35,-1826,-1202,-11,-1757,-757,-21,328,-490,-4,0,1,0,3,0,0.505936285936286,0.462247629002501,0.0436886569337848,1,1,-0.0643939393939394,0.127056860740282,-0.191450800134221,0,1,"Vermelho vence",-1,-3
"BR1_3226970593",1466,1727,34,3,384,-7,8,1027,1371,20,-747,-98,-7,765,155,13,37,306,0,0,0,1,2,0,0.532887474897899,0.500666666666667,0.0322208082312326,0,1,0,0.145238095238095,-0.145238095238095,1,0,"Azul vence",0,-1
"BR1_3226975008",-2195,-1398,5,-6,-6,186,1,-401,357,17,-1122,-1035,0,-589,-392,-9,-77,-514,-4,1,0,3,0,0,0.541514204205743,0.453219040509074,0.0882951636966691,1,1,-0.225626076432528,0.0648050270143293,-0.290431103446857,0,1,"Vermelho vence",1,3
"BR1_3226976113",442,-1516,-47,1,520,146,-31,101,-836,-9,748,372,15,-804,-1005,-20,-123,-193,-2,0,1,1,2,1,0.440288390659908,0.546071709565022,-0.105783318905114,1,0,0,0,0,0,1,"Vermelho vence",-1,-1
"BR1_3226984645",2093,266,15,4,1659,1681,43,2101,489,-8,-60,-464,9,-586,-363,-24,-1021,-1077,-5,0,1,3,0,1,0.545774986917844,0.405584542736246,0.140190444181598,1,1,0.470833333333333,-0.198793544404268,0.669626877737602,1,0,"Azul vence",-1,3
"BR1_3226985496",471,686,28,0,1449,1240,33,-1055,-302,-7,-389,-183,0,647,6,5,-181,-75,-3,0,1,3,0,1,0.531553349875931,0.536209737827715,-0.0046563879517848,1,1,-0.186863136863137,0.139535781074455,-0.326398917937592,0,1,"Vermelho vence",-1,3
"BR1_3226991393",-2886,-1584,-3,-6,-812,-241,-3,108,29,10,94,525,23,-1456,-873,-30,-820,-1024,-3,0,0,3,0,0,0.525552461389777,0.495842037395229,0.0297104239945482,1,1,0.0444444444444445,0.0446789542566776,-0.00023450981223315,1,0,"Azul vence",0,3
"BR1_3226992870",-3453,-2963,-35,-7,-1151,-353,-5,14,-4,1,-1104,-1092,-20,-921,-705,-15,-291,-809,4,0,0,0,0,0,0.522367346938776,0.486960446829334,0.0354069001094414,1,0,-0.113636363636364,0,-0.113636363636364,1,0,"Azul vence",0,0
"BR1_3226997586",2692,1933,6,5,559,825,-6,379,-444,-12,507,273,6,27,1084,15,1220,195,3,0,0,0,3,0,0.468805249595641,0.564920512618917,-0.0961152630232757,1,1,0.189300976800977,-0.215473145780051,0.404774122581028,1,0,"Azul vence",0,-3
"BR1_3227000730",1444,-119,3,3,456,365,8,194,32,-7,447,-222,1,473,179,6,-126,-473,-5,0,1,3,0,1,0.557444805194805,0.539502630320421,0.0179421748743843,1,1,-0.166666666666667,0.270904534062429,-0.437571200729095,0,1,"Vermelho vence",-1,3
"BR1_3227002707",3168,2355,63,4,668,868,22,326,457,11,243,181,16,1284,284,15,647,565,-1,1,0,2,1,1,0.51217018155144,0.49761904398241,0.0145511375690299,1,1,-0.0357142857142858,-0.098292094615624,0.0625778089013383,1,0,"Azul vence",1,1
"BR1_3227006558",45,31,2,0,20,0,1,0,0,0,25,31,1,0,0,0,0,0,0,0,0,0,0,0,0.507921568627451,0.502191830672843,0.00572973795460763,1,1,-0.224996955303861,0.118686868686869,-0.343683823990729,0,1,"Vermelho vence",0,0
"BR1_3227008790",-5949,-3750,-54,-11,-730,-487,-11,-2158,-1193,-22,-311,-4,3,-2105,-978,-37,-645,-1088,13,0,1,0,0,0,0.453412435265884,0.537376827146643,-0.0839643918807597,1,1,0.0341634738186462,0.333242165443252,-0.299078691624606,0,1,"Vermelho vence",-1,0
"BR1_3227011409",-1495,-1926,-46,-2,-759,-800,-37,215,233,9,470,-697,-8,-238,-334,-6,-1183,-328,-4,0,1,0,3,0,0.47741935483871,0.500582480765586,-0.0231631259268759,1,0,-0.141666666666667,0,-0.141666666666667,0,1,"Vermelho vence",-1,-3
"BR1_3227012134",-4155,-1609,-23,-8,-1685,-1547,-43,-1133,335,9,-1816,-925,-22,432,658,26,47,-130,7,0,0,0,0,1,0.483282913165266,0.459734990352968,0.0235479228122982,0,0,0,0,0,0,1,"Vermelho vence",0,0
"BR1_3227014219",2199,765,-9,5,299,197,-7,805,339,3,1172,151,-3,240,195,-1,-317,-117,-1,0,1,3,0,1,0.52990335155041,0.518076146076146,0.0118272054742644,1,1,0.185185185185185,-0.0357142857142858,0.220899470899471,1,0,"Azul vence",-1,3
"BR1_3227016007",-2175,-716,-7,-6,-102,121,15,-960,-788,-16,388,493,8,-1618,-1024,-21,117,482,7,0,1,3,0,0,0.560632028789924,0.495608391608392,0.065023637181532,1,1,0.107142857142857,0.160766394099727,-0.0536235369568703,0,1,"Vermelho vence",-1,3
"BR1_3227019409",-618,-1129,-62,2,-175,-492,-5,465,-14,-2,-1079,-1092,-46,-95,300,-9,266,169,0,1,0,2,1,1,0.48488455988456,0.457001772421127,0.0278827874634328,1,1,0.166880341880342,-0.171703296703297,0.338583638583639,1,0,"Azul vence",1,1
"BR1_3227026482",-1711,-1412,-38,-3,447,-153,11,-592,147,-15,389,195,-3,-1340,-706,-39,-615,-895,8,0,1,0,0,0,0.522190038032143,0.478738473459899,0.043451564572244,1,1,-0.12,0.120847479814871,-0.240847479814871,0,1,"Vermelho vence",-1,0
"BR1_3227028283",134,-140,1,0,495,372,14,-78,-250,-12,790,628,23,-823,770,-13,-250,-1660,-11,0,0,3,0,0,0.472880169885732,0.490182467149329,-0.0173022972635974,1,1,-0.142307692307692,0.271008403361345,-0.413316095669037,0,1,"Vermelho vence",0,3
"BR1_3227030467",-254,691,-15,-1,1494,1735,25,-65,-500,-14,-231,-626,-13,-1842,-477,-16,390,559,3,0,0,0,3,0,0.461446821152703,0.530948577284784,-0.0695017561320807,1,1,-0.259722222222222,0.0816011947776654,-0.341323416999888,0,1,"Vermelho vence",0,-3
"BR1_3227033450",-147,309,24,0,-304,209,19,8,-31,-1,-174,293,2,113,282,13,210,-444,-9,0,1,0,1,0,0.419526585079925,0.506771963989819,-0.0872453789098936,1,1,-0.113636363636364,0.452279202279202,-0.565915565915566,0,1,"Vermelho vence",-1,-1
"BR1_3227034735",2864,1982,-2,7,-619,-168,-16,1446,490,6,1119,424,-7,-11,200,7,929,1036,8,1,0,2,0,1,0.550558213716108,0.461230618920182,0.0893275947959267,1,1,0.165342377260982,-0.305555555555556,0.470897932816537,1,0,"Azul vence",1,2
"BR1_3227035780",2647,2903,36,7,225,140,-2,422,426,7,389,714,-1,778,663,23,833,960,9,0,1,0,2,1,0.614868131868132,0.480092536773571,0.134775595094561,1,1,0.0329741379310345,-0.156873219373219,0.189847357304254,1,0,"Azul vence",-1,-2
"BR1_3227038883",-774,-1343,-48,1,-512,-702,-14,-166,-948,-23,1623,828,21,-1406,-574,-27,-313,53,-5,0,0,0,3,1,0.498391819378354,0.585295326142784,-0.08690350676443,1,1,-0.348958333333333,0.284600665035448,-0.633558998368781,0,1,"Vermelho vence",0,-3
"BR1_3227039392",2491,1599,51,2,1324,986,25,1346,1020,19,-600,-718,2,415,462,3,6,-151,2,0,0,3,0,0,0.566852170615008,0.477226890756303,0.0896252798587051,1,1,0.502314814814815,-0.0187555642412004,0.521070379056015,1,0,"Azul vence",0,3
"BR1_3227039785",416,-197,-15,-3,198,-438,-10,-914,-32,-2,-335,-157,-10,1075,-101,5,392,531,2,0,0,3,0,0,0.484230769230769,0.554761904761905,-0.0705311355311356,0,1,0,0.464285714285714,-0.464285714285714,0,1,"Vermelho vence",0,3
"BR1_3227047466",-2062,-378,-5,-6,-1583,-1461,-22,32,1269,18,-818,-171,11,516,-202,-23,-209,187,11,0,0,0,0,0,0.562222222222222,0.507758620689655,0.0544636015325671,1,1,0.0833333333333334,-0.142421652421652,0.225754985754986,1,0,"Azul vence",0,0
"BR1_3227053215",-3327,-903,-31,-4,-205,157,-26,-157,894,18,-696,-587,0,-1670,-831,-24,-599,-536,1,1,0,3,0,0,0.463423442751913,0.497785822021116,-0.0343623792692031,0,1,0,0.36875,-0.36875,0,1,"Vermelho vence",1,3
"BR1_3227054003",-2123,-1952,-54,-2,-403,-385,-15,-526,-1003,-24,-388,-359,-5,-531,-233,-9,-275,28,-1,0,0,0,0,0,0.400974025974026,0.496935958778064,-0.0959619328040381,1,1,-0.0176282051282051,0.258397932816537,-0.276026137944743,0,1,"Vermelho vence",0,0
"BR1_3227054926",-1659,-2283,-47,-2,907,725,3,-2682,-1883,-24,-96,-480,-15,227,183,-5,-15,-828,-6,0,1,3,0,1,0.505026479954957,0.46514012303486,0.0398863569200975,1,1,-0.17562984496124,0.110206582633053,-0.285836427594294,0,1,"Vermelho vence",-1,3
"BR1_3227060257",-490,266,-21,0,-179,-430,-23,-289,540,2,-25,-212,-8,210,-59,16,-207,427,-8,0,0,0,3,1,0.465293924466338,0.536600934865971,-0.071307010399633,0,1,0,0.0997435897435897,-0.0997435897435897,0,1,"Vermelho vence",0,-3
"BR1_3227070304",-1983,-1277,-3,-2,1708,1633,29,-1616,-1169,-7,-677,100,10,-751,-867,-32,-647,-974,-3,0,1,3,0,1,0.47086875271621,0.487632026683288,-0.0167632739670772,0,0,0,0,0,1,0,"Azul vence",-1,3
"BR1_3227070847",1394,1116,-24,3,313,400,-9,-257,423,8,68,-499,-24,1523,218,-4,-253,574,5,1,0,3,0,1,0.481060606060606,0.462024129374519,0.0190364766860874,1,1,0.5,-0.248994755244755,0.748994755244755,1,0,"Azul vence",1,3
"BR1_3227073572",1161,-657,10,1,1423,591,32,-658,-778,-7,-546,-664,-10,294,-16,0,648,210,-5,0,0,3,0,0,0.464910308861215,0.53090690717674,-0.0659965983155249,1,1,-0.277777777777778,0.231800766283525,-0.509578544061303,0,1,"Vermelho vence",0,3
"BR1_3227080161",2282,1007,16,4,-102,125,-1,-152,492,10,737,131,10,1231,583,2,568,-324,-5,0,0,3,0,1,0.61984126984127,0.484212571054676,0.135628698786594,0,1,0,0.0555555555555556,-0.0555555555555556,1,0,"Azul vence",0,3
"BR1_3227081696",-3877,-2796,-36,-9,-146,-296,16,-333,488,17,-1136,-1283,-25,-2057,-1508,-44,-205,-197,0,0,1,0,0,0,0.460590193432299,0.577838969862898,-0.117248776430599,1,1,-0.430963403880071,0.200799200799201,-0.631762604679271,0,1,"Vermelho vence",-1,0
"BR1_3227084151",-3677,-1859,-14,-8,-393,-706,10,-679,605,18,-385,56,-17,-1846,-957,-21,-374,-857,-4,0,1,0,0,0,0.500752630320421,0.451284665644914,0.0494679646755067,0,1,0,-0.0284090909090909,0.0284090909090909,0,1,"Vermelho vence",-1,0
"BR1_3227087629",1437,792,14,1,-69,-435,-3,561,414,7,213,237,11,458,-143,2,274,719,-3,0,1,3,0,1,0.43403522158091,0.551223978059292,-0.117188756478382,0,1,0,0.479166666666667,-0.479166666666667,0,1,"Vermelho vence",-1,3
"BR1_3227091798",-1571,-982,11,-4,618,677,25,-1756,-1147,2,-310,-374,-14,-5,-116,-9,-118,-22,7,0,1,0,2,0,0.487320881957799,0.481879363723711,0.00544151823408801,1,1,0.352733686067019,-0.149322899322899,0.502056585389919,1,0,"Azul vence",-1,-2
"BR1_3227097211",-2083,-3162,-63,-5,-476,-953,-13,1396,-30,-3,-1662,-1107,-11,-1209,-324,-15,-132,-748,-21,1,0,2,1,1,0.49391296869625,0.495098626716604,-0.00118565802035386,1,1,-0.372222222222222,0.112149055534828,-0.484371277757051,0,1,"Vermelho vence",1,1
"BR1_3227099885",-1743,-897,26,-3,-1263,-660,-20,-56,172,-7,408,885,31,-525,-528,19,-307,-766,3,0,1,0,3,0,0.454086109968463,0.534829931972789,-0.0807438220043263,1,1,-0.1,0.263715277777778,-0.363715277777778,0,1,"Vermelho vence",-1,-3
"BR1_3227106528",1714,1953,10,5,-500,-158,-11,49,636,11,486,52,-2,720,341,3,959,1082,9,0,0,0,0,0,0.513948717948718,0.543000831101671,-0.0290521131529534,0,0,0,0,0,0,1,"Vermelho vence",0,0
"BR1_3227114197",-2453,-1146,-6,-4,233,276,15,-881,-273,4,-1483,-901,-29,-462,-311,-5,140,63,9,1,0,3,0,0,0.446229881783222,0.585528150441463,-0.139298268658241,1,1,-0.177741016450694,0.191570096570097,-0.36931111302079,0,1,"Vermelho vence",1,3
"BR1_3227118459",-1476,-1914,-60,0,-1750,-1595,-25,316,217,5,-361,-609,-14,-205,-692,-31,524,765,5,1,0,0,0,1,0.52229112334589,0.549466241360978,-0.0271751180150882,1,1,-0.195177708764665,0.0442307692307692,-0.239408477995434,0,1,"Vermelho vence",1,0
"BR1_3227122879",-1255,-1280,-49,-2,-56,-123,-20,702,-418,-8,-624,-67,-3,-1110,-514,-14,-167,-158,-4,0,1,0,1,0,0.488749971787304,0.484401709401709,0.00434826238559477,1,1,0.31547619047619,-0.314980158730159,0.630456349206349,1,0,"Azul vence",-1,-1
"BR1_3227127207",524,559,66,-1,-320,799,29,-351,-167,14,1382,664,14,257,-9,11,-444,-728,-2,0,1,0,0,1,0.454089229894857,0.503605115191322,-0.0495158852964655,1,1,0.0155633255633256,-0.207765151515152,0.223328477078477,1,0,"Azul vence",-1,0
"BR1_3227128210",-132,692,-3,-1,-1225,-604,-35,-262,926,8,924,717,33,-1,-445,-3,432,98,-6,1,0,0,3,0,0.470064102564103,0.514374694707685,-0.044310592143583,1,1,0.113854900506736,-0.17948717948718,0.293342079993915,1,0,"Azul vence",1,-3
"BR1_3227133757",3830,2733,82,5,-132,-2,13,683,1134,27,1008,297,-11,1646,930,42,625,374,11,0,0,0,0,0,0.473589189142529,0.333666666666667,0.139922522475862,1,1,0.174221611721612,-0.0484931734931735,0.222714785214785,1,0,"Azul vence",0,0
"BR1_3227136924",-467,-856,-47,2,-1367,-1665,-35,-801,-537,-12,-518,-226,-8,976,1229,18,1243,343,-10,0,0,3,0,1,0.476663312591023,0.443866396761134,0.0327969158298899,1,1,0.214304013217057,-0.227777777777778,0.442081790994834,1,0,"Azul vence",0,3
"BR1_3227142683",1477,1315,4,5,-74,-39,-14,-367,-15,4,-834,-407,-12,1926,1172,23,826,604,3,1,0,3,0,1,0.466135338345865,0.482084033613445,-0.0159486952675808,1,1,-0.364583333333333,0.0797740334378266,-0.44435736677116,0,1,"Vermelho vence",1,3
"BR1_3227146071",3755,1014,2,8,1485,1132,13,549,665,5,629,-112,-9,-261,-849,-15,1353,178,8,0,1,3,0,1,0.525229903710916,0.451562857490568,0.073667046220348,1,1,0.0535984848484848,-0.0180303030303031,0.0716287878787878,1,0,"Azul vence",-1,3
"BR1_3227154089",1775,1794,16,2,-524,-575,-7,443,1217,22,1120,561,-17,946,735,22,-210,-144,-4,0,0,0,0,1,0.536317866276945,0.450775169952936,0.0855426963240093,1,1,0.205710955710956,-0.0504201680672269,0.256131123778183,1,0,"Azul vence",0,0
"BR1_3227154807",570,1200,28,1,367,429,-2,-211,356,9,-308,364,6,416,-46,15,306,97,0,0,1,3,0,0,0.546669081016147,0.485879832810867,0.0607892482052794,0,0,0,0,0,1,0,"Azul vence",-1,3
"BR1_3227155682",-119,-1240,-42,2,-233,-402,-21,604,480,-1,740,-576,-2,-458,-77,-18,-772,-665,0,0,0,0,0,0,0.425880893300248,0.442236263026654,-0.0163553697264062,1,1,-0.21086343014325,0.0196581196581197,-0.23052154980137,0,1,"Vermelho vence",0,0
"BR1_3227161790",-3675,-2994,-76,-4,-1023,-1215,-19,-722,-938,-19,51,-402,-10,-1311,-455,-30,-670,16,2,0,0,0,3,0,0.453771457300869,0.505357142857143,-0.0515856855562738,1,0,-0.0678030303030303,0,-0.0678030303030303,0,1,"Vermelho vence",0,-3
"BR1_3227169180",69,437,17,-1,324,3,7,907,706,10,-523,-568,1,-901,23,-9,262,273,8,0,0,3,0,0,0.444303017394641,0.484984126984127,-0.0406811095894858,1,1,0.285016595792458,-0.444444444444444,0.729461040236902,1,0,"Azul vence",0,3
"BR1_3227176045",-1346,-1380,-3,-4,-557,-480,-11,-122,-129,-3,480,319,9,-1573,-684,1,426,-406,1,0,1,0,3,0,0.527420465797064,0.485714285714286,0.0417061800827784,1,0,0.345357142857143,0,0.345357142857143,1,0,"Azul vence",-1,-3
"BR1_3227177731",4372,2993,65,7,-127,-584,4,757,146,-5,1523,1525,41,1418,891,22,801,1015,3,1,0,2,1,1,0.570102056526205,0.546902675383688,0.023199381142517,1,1,0.187590187590188,-0.141391941391941,0.328982128982129,1,0,"Azul vence",1,1
"BR1_3227185521",597,-297,-7,-2,207,183,-8,1506,333,5,716,443,7,-1245,-535,-11,-587,-721,0,0,1,0,3,0,0.452437369110113,0.471340965654554,-0.018903596544441,1,1,-0.0638007054673721,0.260164835164835,-0.323965540632207,0,1,"Vermelho vence",-1,-3
"BR1_3227187382",-1231,-1821,-70,-1,612,463,-4,-943,-833,-16,368,-765,-9,-28,-392,-31,-1240,-294,-10,0,1,0,3,0,0.415277777777778,0.544590690208668,-0.12931291243089,1,0,-0.0902777777777778,0,-0.0902777777777778,0,1,"Vermelho vence",-1,-3
"BR1_3227189993",4229,2924,2,13,-127,118,-16,1628,1044,8,422,849,-4,1474,710,24,832,203,-10,0,0,0,3,1,0.455629172357925,0.488317873303167,-0.0326887009452419,0,1,0,0.0255921855921856,-0.0255921855921856,1,0,"Azul vence",0,-3
"BR1_3227192725",3102,2822,39,4,2220,1539,15,43,-214,-8,110,261,4,76,804,16,653,432,12,0,1,3,0,0,0.502439504229786,0.500081632653061,0.0023578715767244,1,1,0.337315233785822,0.0106150793650794,0.326700154420743,1,0,"Azul vence",-1,3
"BR1_3227199992",-784,273,29,-1,-510,-931,-14,-287,317,2,1210,1531,43,-990,-465,2,-207,-179,-4,1,0,0,3,0,0.467969696969697,0.477435897435897,-0.00946620046620045,1,1,-0.0498456790123456,-0.336177248677249,0.286331569664903,1,0,"Azul vence",1,-3
"BR1_3227200129",-547,-801,-25,2,-1682,-1231,-33,-136,-719,-9,-140,-55,-1,913,933,14,498,271,4,0,0,1,2,0,0.549242424242424,0.526379164891879,0.022863259350545,0,0,0,0,0,1,0,"Azul vence",0,-1
"BR1_3227204139",1965,1774,-11,5,856,1206,40,1227,425,-4,123,353,-20,-375,-363,-18,134,153,-9,0,1,3,0,0,0.507223370361236,0.487525307315699,0.0196980630455372,1,1,0.229452838827839,0.130769230769231,0.0986836080586081,1,0,"Azul vence",-1,3
"BR1_3227205564",1617,2016,49,3,903,799,31,-1172,954,22,7,-678,-17,1115,275,11,764,666,2,1,0,3,0,0,0.556112812854973,0.497531544542414,0.058581268312559,1,1,0.0714285714285714,0.075075075075075,-0.00364650364650365,1,0,"Azul vence",1,3
"BR1_3227206103",-2364,-2355,-9,-4,-621,-1026,1,-1236,-211,2,-24,-404,-14,-169,40,2,-314,-754,0,0,0,0,0,0,0.431412698412698,0.483406525260707,-0.0519938268480084,1,1,-0.262767857142857,0.285017943516929,-0.547785800659787,0,1,"Vermelho vence",0,0
"BR1_3227210048",-1503,-637,-29,0,-718,-535,-21,-716,-429,-6,-584,-369,-7,472,138,4,43,558,1,0,0,2,1,0,0.554293302605323,0.429053221288515,0.125240081316808,1,1,-0.0350529100529101,0.420634920634921,-0.455687830687831,0,1,"Vermelho vence",0,1
"BR1_3227212074",-506,290,-16,-1,-588,-219,-27,-638,-332,-5,651,1125,14,182,395,10,-113,-679,-8,1,0,0,0,1,0.509839136766848,0.519984423037508,-0.01014528627066,1,1,0.324675324675325,-0.269722222222222,0.594397546897547,1,0,"Azul vence",1,0
"BR1_3227215863",-3630,-3201,-22,-7,-408,-751,6,-1130,-603,-3,-1866,-1951,-40,-36,-265,0,-190,369,15,0,0,2,1,1,0.439199188447309,0.434083916083916,0.0051152723633926,0,1,0,0.317647058823529,-0.317647058823529,0,1,"Vermelho vence",0,1
"BR1_3227222982",-2021,-1903,-22,-3,-203,243,8,-646,-447,-1,-1242,-1400,-40,177,255,7,-107,-554,4,0,1,0,3,1,0.515645604395604,0.510490107615345,0.00515549678025973,1,1,-0.336177248677249,0.271051171051171,-0.60722841972842,0,1,"Vermelho vence",-1,-3
"BR1_3227226117",-950,77,-20,0,196,-331,-8,-1533,-26,1,147,410,0,193,-119,-4,47,143,-9,0,1,1,0,0,0.372388254315965,0.539556550608992,-0.167168296293027,1,0,-0.381481050918391,0,-0.381481050918391,0,1,"Vermelho vence",-1,1
"BR1_3227229263",-669,-1214,-18,0,1231,1178,25,-408,-304,-4,-412,-499,-9,-930,-1435,-33,-150,-154,3,0,1,2,1,1,0.530283412293837,0.556649350649351,-0.026365938355514,1,1,-0.0470218390386458,0.509259259259259,-0.556281098297905,0,1,"Vermelho vence",-1,1
"BR1_3227229920",-2895,-2016,-25,-9,-1618,-821,-17,999,-70,6,421,289,-1,-2292,-1011,-16,-405,-403,3,0,0,0,0,0,0.460064935064935,0.515285714285714,-0.0552207792207792,1,1,-0.125,0.0714285714285714,-0.196428571428571,0,1,"Vermelho vence",0,0
"BR1_3227235811",714,-1311,16,0,-242,-292,12,391,-586,-20,-825,-45,24,885,-557,-2,505,169,2,0,1,0,0,0,0.496902118909902,0.51463721811812,-0.0177350992082189,1,1,-0.359412698412698,0.2875777000777,-0.646990398490399,0,1,"Vermelho vence",-1,0
"BR1_3227236848",436,-333,62,-2,207,-142,26,616,1005,22,-321,-786,-16,301,74,23,-367,-484,7,0,1,2,1,0,0.516150034321684,0.419761904761905,0.0963881295597788,1,1,0.0761732229123533,-0.0939236111111111,0.170096834023464,1,0,"Azul vence",-1,1
"BR1_3227238902",545,134,21,0,240,-441,7,767,821,12,392,248,4,-320,-439,-14,-534,-55,12,0,1,0,0,1,0.472603826497666,0.448828595553054,0.0237752309446123,1,1,-0.0814590347923681,-0.255896805896806,0.174437771104438,1,0,"Azul vence",-1,0
"BR1_3227240629",1166,577,-13,2,899,568,-4,442,-234,-1,40,151,-4,517,148,4,-732,-56,-8,0,1,3,0,1,0.423048475762119,0.587524423142401,-0.164475947380282,1,1,0,-0.0267857142857143,0.0267857142857143,0,1,"Vermelho vence",-1,3
"BR1_3227248973",1436,827,59,1,699,566,20,305,-285,-8,401,774,45,23,275,-1,8,-503,3,0,1,3,0,0,0.581717382888115,0.455879151944515,0.125838230943599,1,1,0.151851851851852,-0.226648351648352,0.378500203500204,1,0,"Azul vence",-1,3
"BR1_3227249381",1110,864,38,0,232,328,17,-1469,20,-1,942,326,30,866,92,1,539,98,-9,0,0,3,0,1,0.507328259975319,0.498551144595769,0.00877711537954956,1,1,0.307897818767384,-0.177818662818663,0.485716481586047,1,0,"Azul vence",0,3
"BR1_3227253130",-1686,-917,-3,-3,613,550,21,-1062,-39,0,-591,-610,-6,-294,-121,-16,-352,-697,-2,0,1,0,3,1,0.529342490132881,0.508027024718564,0.0213154654143178,0,1,0,-0.383333333333333,0.383333333333333,1,0,"Azul vence",-1,-3
"BR1_3227255474",-4384,-3088,-52,-8,-336,-1136,-15,-1432,-288,2,-411,-631,-24,-1381,-224,-13,-824,-809,-2,0,1,3,0,0,0.490089355089355,0.547083333333333,-0.0569939782439782,1,1,-0.121923076923077,0.332383665716999,-0.454306742640076,0,1,"Vermelho vence",-1,3
"BR1_3227257041",118,626,-4,3,-81,329,2,232,133,10,-1585,-474,-27,638,100,8,914,538,3,1,0,0,3,1,0.469809523809524,0.569742009624363,-0.0999324858148388,0,1,0,-0.118055555555556,0.118055555555556,0,1,"Vermelho vence",1,-3
"BR1_3227258726",2596,1002,-18,8,1208,966,4,1531,281,-1,290,-11,11,-715,-254,-28,282,20,-4,0,1,3,0,1,0.443276046071443,0.506087112079023,-0.0628110660075802,1,1,-0.263657407407407,0.047997425997426,-0.311654833404833,0,1,"Vermelho vence",-1,3
"BR1_3227261411",1033,1076,42,1,1088,877,34,1134,1337,33,893,851,7,-1964,-848,-27,-118,-1141,-5,1,0,3,0,1,0.495329605382797,0.37,0.125329605382797,1,1,0.467307692307692,-0.366666666666667,0.833974358974359,1,0,"Azul vence",1,3
"BR1_3227264003",-1845,-1735,-2,-6,-907,-1598,-4,-137,583,19,473,39,-11,62,-391,-3,-1336,-368,-3,0,1,3,0,0,0.438666069779042,0.483442480440452,-0.0447764106614102,0,1,0,0.461309523809524,-0.461309523809524,0,1,"Vermelho vence",-1,3
"BR1_3227265803",-2087,-910,1,-4,-1379,-1126,-19,136,28,-2,2109,1402,28,-1609,-847,-14,-1344,-367,8,0,0,0,3,0,0.417526395173454,0.375906432748538,0.041619962424916,1,0,-0.476190476190476,0,-0.476190476190476,0,1,"Vermelho vence",0,-3
"BR1_3227268085",-33,364,-13,-2,2234,1659,8,-215,-327,-5,-1668,-1140,-20,-316,-273,-9,-68,445,13,0,1,0,3,1,0.434673802282256,0.542872340425532,-0.108198538143276,0,0,0,0,0,0,1,"Vermelho vence",-1,-3
"BR1_3227268524",-4826,-3748,-84,-6,-677,-596,-21,274,160,-2,-2171,-2219,-40,-1383,-664,-24,-869,-429,3,0,1,0,3,0,0.484,0.525615384615385,-0.0416153846153846,1,1,0.0476190476190476,0.263095238095238,-0.21547619047619,1,0,"Azul vence",-1,-3
"BR1_3227268891",-1098,-54,-10,2,-2409,-1167,-34,-598,-190,0,2474,1258,26,-163,194,-10,-402,-149,8,1,0,0,0,0,0.535026455026455,0.57282094376212,-0.0377944887356653,1,1,-0.214285714285714,0.0446428571428572,-0.258928571428571,0,1,"Vermelho vence",1,0
"BR1_3227274107",676,666,15,0,-749,-261,3,-139,-391,-17,521,789,4,1074,632,31,-31,-103,-6,0,1,0,3,1,0.420261437908497,0.442432280363315,-0.0221708424548181,1,1,0.31547619047619,-0.337037037037037,0.652513227513227,1,0,"Azul vence",-1,-3
"BR1_3227275366",-2388,-306,6,-5,-149,-562,7,-1657,-120,-6,-287,-167,-5,509,893,11,-804,-350,-1,0,1,0,3,0,0.411513048355154,0.511083916083916,-0.0995708677287625,0,1,0,0.021031746031746,-0.021031746031746,0,1,"Vermelho vence",-1,-3
"BR1_3227277564",1554,1749,72,3,192,767,-1,-397,-94,-2,1452,829,33,354,507,41,-47,-260,1,1,0,3,0,0,0.495047619047619,0.486625386996904,0.00842223205071513,0,0,0,0,0,1,0,"Azul vence",1,3
"BR1_3227279464",-1183,-730,-34,-3,-2791,-1546,-46,-872,-618,-10,211,152,1,2388,866,23,-119,416,-2,1,0,0,3,1,0.51540404040404,0.435806376483178,0.0795976639208629,1,0,0.298577235772358,0,0.298577235772358,1,0,"Azul vence",1,-3
"BR1_3227288138",-2760,-2543,-54,-4,-1215,-1025,-40,-113,-340,7,-1332,-1308,-26,167,-413,3,-267,543,2,1,0,0,3,1,0.454949005796463,0.475438596491228,-0.0204895906947645,1,1,-0.319512195121951,0.121031746031746,-0.440543941153697,0,1,"Vermelho vence",1,-3
"BR1_3227296173",1918,2460,48,2,-90,633,13,78,-105,-7,1980,1156,31,-224,736,7,174,40,4,1,0,3,0,0,0.480061761546724,0.473513986914636,0.00654777463208794,0,1,0,-0.186046511627907,0.186046511627907,1,0,"Azul vence",1,3
"BR1_3227297519",-2124,-1546,-33,-3,208,126,-8,-478,-330,0,-878,-284,-6,-322,-313,-17,-654,-745,-2,1,0,3,0,1,0.507918888129414,0.555807612735324,-0.0478887246059092,1,1,0.0192078754578754,0.0925787106446777,-0.0733708351868022,0,1,"Vermelho vence",1,3
"BR1_3227297753",684,-45,-7,4,-9,-106,-3,-125,45,-14,-870,-911,-5,243,153,20,1445,774,-5,0,0,0,0,1,0.60267403663516,0.484612776876398,0.118061259758761,1,1,0.116421932574383,-0.179005791505792,0.295427724080174,1,0,"Azul vence",0,0
"BR1_3227301989",-2436,-2611,-60,-6,-1970,-1364,-38,-563,-913,-14,-1061,-233,-12,824,-113,13,334,12,-9,1,0,0,3,0,0.491291569901324,0.578779788838612,-0.0874882189372885,1,1,-0.4,0.337083333333333,-0.737083333333333,0,1,"Vermelho vence",1,-3
"BR1_3227303690",-926,1070,-43,-1,24,18,-12,323,293,-4,-1095,-468,-35,-249,273,10,71,954,-2,0,1,0,0,1,0.468333333333333,0.421904402786756,0.0464289305465777,1,1,0.0317460317460317,0.244444444444444,-0.212698412698413,0,1,"Vermelho vence",-1,0
"BR1_3227306840",6908,5995,109,11,1354,2180,45,2455,1465,31,647,866,24,592,602,11,1860,882,-2,1,0,2,1,1,0.577106227106227,0.50843776106934,0.068668466036887,1,1,0.340971517917512,-0.0224138408484866,0.363385358765999,1,0,"Azul vence",1,1
"BR1_3227311897",-4261,-1468,7,-10,-399,-84,-2,-1207,83,10,-155,93,7,-1973,-1611,-21,-527,51,13,0,1,0,1,0,0.484386235233693,0.484186998937506,0.0001992362961869,1,1,-0.198145604395604,0.172796439149823,-0.370942043545427,0,1,"Vermelho vence",-1,-1
"BR1_3227314656",33,-249,-13,1,759,740,-1,341,374,9,711,278,9,-1131,-505,-28,-647,-1136,-2,0,0,3,0,1,0.448790849673203,0.524303085093476,-0.0755122354202739,1,1,-0.020063570083428,0.0899940435944493,-0.110057613677877,0,1,"Vermelho vence",0,3
"BR1_3227318798",-342,-865,-24,0,-1569,-1107,-15,-978,-1010,-16,-258,193,-11,1684,1346,26,779,-287,-8,1,0,0,3,1,0.501544391281233,0.385299188832296,0.116245202448938,1,1,0.0819105691056911,-0.291666666666667,0.373577235772358,1,0,"Azul vence",1,-3
"BR1_3227321947",-1337,-1698,-28,-1,-786,-1047,-34,-925,-658,-8,1002,899,21,-1054,-50,-11,426,-842,4,0,0,0,0,0,0.559545951006397,0.489196024604748,0.0703499264016491,1,1,0.336920591991586,0.0042819499341239,0.332638642057462,1,0,"Azul vence",0,0
"BR1_3227329211",-319,-865,27,-3,336,23,16,-261,151,5,-6,77,9,144,-477,-9,-532,-639,6,0,0,3,0,1,0.479258251025656,0.487598116169545,-0.00833986514388918,1,1,0.021210407239819,-0.122702702702703,0.143913109942522,1,0,"Azul vence",0,3
"BR1_3227331319",-3394,-2014,-25,-5,-886,-575,-10,-396,79,-4,-519,-654,-10,-628,-60,5,-965,-804,-6,1,0,3,0,1,0.573550366300366,0.345251860712387,0.228298505587979,1,1,0.244761904761905,-0.262169312169312,0.506931216931217,1,0,"Azul vence",1,3
"BR1_3227334092",-1646,-993,21,0,-854,-833,-21,113,219,6,894,-166,14,-2012,-204,17,213,-9,5,0,1,0,0,1,0.45731221719457,0.517853858784893,-0.0605416415903232,1,1,0.1,0.385714285714286,-0.285714285714286,0,1,"Vermelho vence",-1,0
"BR1_3227334340",-396,357,-9,-3,-731,37,-21,-1509,-529,8,1123,482,0,457,23,8,264,344,-4,1,0,0,0,1,0.525051827605019,0.570051649928264,-0.044999822323245,1,1,0.0180878552971576,0.503151260504202,-0.485063405207044,0,1,"Vermelho vence",1,0
"BR1_3227338285",2619,2613,12,4,760,1278,27,1320,1281,15,-448,-661,-24,510,567,-5,477,148,-1,0,1,0,1,0,0.514511034457179,0.502230392156863,0.0122806423003161,1,1,0.330882352941176,-0.00583791208791209,0.336720265029088,1,0,"Azul vence",-1,-1
"BR1_3227342929",2755,2834,14,6,1333,1698,10,-71,16,6,491,414,-1,386,727,1,616,-21,-2,0,1,3,0,0,0.49024531024531,0.425878725481665,0.0643665847636449,1,1,0,0.0505952380952381,-0.0505952380952381,0,1,"Vermelho vence",-1,3
"BR1_3227346230",782,1097,12,4,-314,-782,-11,-296,186,9,1801,1635,28,-85,146,-9,-324,-88,-5,0,1,1,0,1,0.523262822370328,0.448576582522136,0.0746862398481914,0,1,0,0,0,1,0,"Azul vence",-1,1
"BR1_3227349184",-1611,-1130,-15,-4,160,493,16,-1439,-1599,-16,-1037,-687,-24,418,-112,6,287,775,3,0,1,3,0,1,0.501952380952381,0.495,0.00695238095238093,0,0,0,0,0,0,1,"Vermelho vence",-1,3
"BR1_3227350909",1357,1424,25,4,776,885,7,-215,142,6,231,548,7,468,-102,3,97,-49,2,0,0,3,0,1,0.523124183006536,0.477402840126625,0.0457213428799108,1,1,0.028427750410509,-0.0249231444883619,0.0533508948988709,0,1,"Vermelho vence",0,3
"BR1_3227352909",-1691,-1872,-11,-4,399,-451,16,-618,-512,-2,-515,-623,-21,-378,137,-4,-579,-423,0,0,1,0,0,1,0.500262292390254,0.468076966610074,0.03218532578018,1,1,-0.209558823529412,0.0508491508491509,-0.260407974378563,0,1,"Vermelho vence",-1,0
"BR1_3227355864",2439,2030,42,4,360,401,19,1522,706,8,1132,740,21,-501,-181,-9,-74,364,3,0,0,0,0,1,0.455728095433978,0.572509316770186,-0.116781221336209,1,1,-0.214285714285714,0.0833333333333334,-0.297619047619048,0,1,"Vermelho vence",0,0
"BR1_3227359194",109,866,9,-1,-181,-70,-12,445,858,23,-339,231,3,-214,-251,-5,398,98,0,0,0,0,3,0,0.447701274167927,0.579825708061002,-0.132124433893075,1,1,-0.266666666666667,0.134615384615385,-0.401282051282051,0,1,"Vermelho vence",0,-3
"BR1_3227360957",3863,3189,30,9,-190,155,-4,617,1017,18,2687,1868,22,56,165,-6,693,-16,0,1,0,0,0,1,0.513939393939394,0.419473684210526,0.0944657097288676,1,1,-0.119047619047619,-0.0186923583662714,-0.100355260681348,1,0,"Azul vence",1,0
"BR1_3227361810",-1660,-1715,-46,-2,-1456,-1012,-21,-637,-872,-18,-761,-570,-23,1551,800,24,-357,-61,-8,1,0,1,2,0,0.486232441646085,0.533877192982456,-0.0476447513363714,1,0,-0.069047619047619,0,-0.069047619047619,0,1,"Vermelho vence",1,-1
"BR1_3227362418",-3249,-2040,-37,-4,-817,-829,-31,-666,-326,-5,-316,-11,-4,-1125,-991,-3,-325,117,6,0,1,0,0,1,0.483923014778758,0.623916408668731,-0.139993393889973,1,1,0.0277777777777778,0.0505952380952381,-0.0228174603174603,0,1,"Vermelho vence",-1,0
"BR1_3227365070",-2254,-964,-27,-3,-920,-498,-32,-943,-41,5,493,356,13,-50,-180,-7,-834,-601,-6,0,0,3,0,1,0.393205171738279,0.569744595274007,-0.176539423535728,1,1,-0.150649350649351,0.158045977011494,-0.308695327660845,0,1,"Vermelho vence",0,3
"BR1_3227365817",-4877,-2498,-10,-10,-1290,-588,-9,-545,-232,1,-902,-437,6,-1911,-412,-12,-229,-829,4,0,0,0,3,0,0.496273229891207,0.525834396409166,-0.0295611665179586,1,1,-0.066025641025641,0,-0.066025641025641,0,1,"Vermelho vence",0,-3
"BR1_3227368542",225,763,64,-2,-127,-93,13,-182,341,12,-239,282,17,773,150,19,0,83,3,0,0,3,0,0,0.55530280466617,0.556473684210526,-0.00117087954435602,1,1,-0.35,0.0666437728937729,-0.416643772893773,0,1,"Vermelho vence",0,3
"BR1_3227370635",-168,73,-18,7,-1609,-2075,-40,1516,652,3,-2297,-477,-22,1704,1183,44,518,790,-3,0,0,0,3,1,0.561884711779449,0.432128169429747,0.129756542349701,1,1,0.102941176470588,-0.147443814735196,0.250384991205785,1,0,"Azul vence",0,-3
"BR1_3227376671",627,81,-4,-1,113,272,0,1776,674,8,-71,-61,3,-1378,-659,-13,187,-145,-2,0,0,0,0,0,0.539877131451901,0.460841582566041,0.0790355488858603,1,1,0.177083333333333,-0.486013986013986,0.663097319347319,1,0,"Azul vence",0,0
"BR1_3227376892",1225,867,-9,2,-915,-635,-15,1428,525,5,842,753,4,0,-76,-8,-130,300,5,0,1,3,0,0,0.50390320663945,0.513919191919192,-0.0100159852797423,1,0,0.120821886446886,0,0.120821886446886,1,0,"Azul vence",-1,3
"BR1_3227377247",1250,1643,63,-1,-572,-137,26,1690,741,15,-207,357,-3,572,295,27,-233,387,-2,1,0,0,2,1,0.494990332975295,0.526210826210826,-0.0312204932355308,1,1,-0.305555555555556,0.134615384615385,-0.44017094017094,0,1,"Vermelho vence",1,-2
"BR1_3227382190",49,1007,18,1,-1006,-852,-22,775,975,26,423,416,10,-87,-75,-1,-56,543,5,1,0,0,0,0,0.530534533721429,0.549787878787879,-0.01925334506645,1,1,0.0830128205128206,-0.264822595704949,0.347835416217769,1,0,"Azul vence",1,0
"BR1_3227382546",257,163,18,1,531,871,19,-425,-708,-12,-1981,-683,-8,1410,686,24,722,-3,-5,1,0,0,3,1,0.522285714285714,0.437905020164094,0.0843806941216202,0,1,0,0.0525667131068481,-0.0525667131068481,1,0,"Azul vence",1,-3
"BR1_3227393206",925,876,15,1,797,136,17,242,19,-2,346,458,18,-251,124,-24,-209,139,6,0,1,3,0,0,0.582710437710438,0.491533814637996,0.0911766230724417,1,1,-0.149322899322899,0.00686274509803923,-0.156185644420939,1,0,"Azul vence",-1,3
"BR1_3227393678",-2858,-2978,-32,-6,-1135,-901,-19,-293,-349,-5,-424,-956,7,-1394,42,-7,388,-814,-8,0,1,2,0,0,0.436285566707794,0.519477407840773,-0.0831918411329794,1,1,-0.312987012987013,0.403846153846154,-0.716833166833167,0,1,"Vermelho vence",-1,2
"BR1_3227394908",-720,-850,18,-3,1614,662,44,-1771,-847,-15,-1751,-1374,-17,895,-370,7,293,1079,-1,0,1,1,2,0,0.445053475935829,0.49619823313941,-0.0511447572035806,1,1,-0.298504273504273,0.199103751187085,-0.497608024691358,0,1,"Vermelho vence",-1,-1
"BR1_3227404129",-753,205,8,-1,1170,1155,30,605,200,0,-1197,-540,-17,-920,-641,-14,-411,31,9,0,1,0,0,0,0.470993025159247,0.534908963585434,-0.0639159384261871,0,1,0,0.0757575757575757,-0.0757575757575757,0,1,"Vermelho vence",-1,0
"BR1_3227405886",-1452,-1047,-14,-6,151,-440,-6,705,303,0,-881,-149,-9,-940,-994,-3,-487,233,4,0,0,2,1,0,0.436007301935013,0.549537364596188,-0.113530062661175,1,1,-0.319512195121951,0.0833333333333334,-0.402845528455285,0,1,"Vermelho vence",0,1
"BR1_3227408384",-3525,-2071,-40,-4,424,1034,7,-429,-613,-5,-1781,-1451,-35,-1017,-593,-18,-722,-448,11,0,1,0,3,0,0.531655441332861,0.492713184287954,0.0389422570449067,1,1,-0.0763458763458763,0.00686274509803923,-0.0832086214439156,0,1,"Vermelho vence",-1,-3
"BR1_3227413649",120,947,38,0,899,722,17,-103,358,15,-461,-358,-3,-377,-416,0,162,641,9,0,0,3,0,0,0.484304029304029,0.55574699772801,-0.071442968423981,0,1,0,-0.447916666666667,0.447916666666667,1,0,"Azul vence",0,3
"BR1_3227421361",921,700,21,2,1073,540,43,-366,426,6,967,112,-12,-598,45,-12,-155,-423,-4,0,0,3,0,0,0.499431544359255,0.532720593510985,-0.0332890491517298,1,1,-0.188044733044733,-0.030011655011655,-0.158033078033078,0,1,"Vermelho vence",0,3
"BR1_3227422958",-2286,-1492,-65,-3,-1029,-243,-41,1054,228,11,217,269,-4,-1802,-1288,-29,-726,-458,-2,0,1,2,1,0,0.475104870930642,0.590672205842938,-0.115567334912295,0,1,0,-0.0357142857142858,0.0357142857142858,0,1,"Vermelho vence",-1,1
"BR1_3227427106",1444,1749,-2,3,-27,5,-15,-675,320,0,-22,-4,1,516,853,15,1652,575,-3,0,0,0,0,0,0.543826854931036,0.545386482595785,-0.00155962766474871,1,1,0,-0.0216079494128275,0.0216079494128275,1,0,"Azul vence",0,0
"BR1_3227428320",-1111,-249,-4,-1,149,-70,-5,-982,-214,4,729,389,12,-1247,-448,-13,240,94,-2,0,1,0,0,0,0.526239456249881,0.437772758006024,0.0884666982438569,1,1,0.540584415584416,0.0413461538461539,0.499238261738262,1,0,"Azul vence",-1,0
"BR1_3227433310",-15,687,45,-1,215,23,25,-527,-444,-5,60,533,35,125,355,-8,112,220,-2,0,1,1,2,0,0.498099877428348,0.433666666666667,0.0644332107616811,1,1,0.0587179487179487,0.0440705128205128,0.0146474358974359,1,0,"Azul vence",-1,-1
"BR1_3227435995",1842,1802,14,3,-114,-197,-6,-226,518,5,1364,848,5,756,416,14,62,217,-4,0,0,2,0,1,0.498875519904932,0.503937332508761,-0.00506181260382949,1,1,0.467432950191571,0.116666666666667,0.350766283524904,1,0,"Azul vence",0,2
"BR1_3227438984",305,1324,-4,2,1249,1864,8,-523,-22,-3,579,-110,12,-1000,-1162,-22,0,754,1,0,0,3,0,1,0.538155706727135,0.463929422830352,0.0742262838967837,1,1,-0.0484931734931735,-0.0357142857142858,-0.0127788877788877,1,0,"Azul vence",0,3
"BR1_3227440386",-683,269,-36,-1,-788,-123,-14,816,20,4,-253,574,11,31,-513,-39,-489,311,2,0,1,3,0,0,0.480742485584591,0.576704545454545,-0.0959620598699545,1,1,-0.0568181818181818,0.026010101010101,-0.0828282828282829,0,1,"Vermelho vence",-1,3
"BR1_3227445861",183,221,-39,3,-590,-511,-32,-788,-281,-11,-957,-201,-33,1608,245,27,910,969,10,0,0,0,3,1,0.484541062801932,0.536027517198249,-0.0514864543963166,1,1,0.226190476190476,0.0263636363636364,0.19982683982684,1,0,"Azul vence",0,-3
"BR1_3227452150",1772,791,41,1,1113,205,22,1150,425,-4,700,328,12,-403,-54,12,-788,-113,-1,0,1,3,0,1,0.509057683110768,0.484018648018648,0.0250390350921197,0,1,0,0.0592915214866435,-0.0592915214866435,1,0,"Azul vence",-1,3
"BR1_3227457688",-1399,-1619,2,-2,1776,1022,42,-548,-625,-10,-819,-559,-5,-1530,-457,-27,-278,-1000,2,1,0,0,0,1,0.440474598930481,0.58617094017094,-0.145696341240459,1,1,-0.331265508684864,0.0512452107279693,-0.382510719412833,0,1,"Vermelho vence",1,0
"BR1_3227461605",2315,2500,63,5,1541,1685,40,-1045,691,17,1631,457,-2,12,-104,3,176,-229,5,0,0,0,0,0,0.533764038617928,0.503536713699719,0.0302273249182098,1,1,0.112626262626263,-0.2699604743083,0.382586736934563,1,0,"Azul vence",0,0
"BR1_3227467365",2374,2593,29,7,510,230,-5,676,1254,31,303,-69,18,81,328,-19,804,850,4,0,0,0,0,0,0.526249515190692,0.498893510892729,0.0273560042979625,1,1,0.0934065934065934,0.185706654456654,-0.092300061050061,0,1,"Vermelho vence",0,0
"BR1_3227472255",3148,1253,47,6,-131,-854,-11,917,657,14,1014,409,26,284,581,23,1064,460,-5,0,0,1,1,0,0.492156405685817,0.457884667835574,0.0342717378502437,1,1,0.471942110177404,-0.226495726495726,0.698437836673131,1,0,"Azul vence",0,0
"BR1_3227473589",-1173,-1095,-23,-1,318,230,8,-657,-888,-25,227,-219,-9,341,59,5,-1402,-277,-2,0,1,0,2,1,0.513273826414163,0.425563909774436,0.0877099166397273,0,1,0,-0.314285714285714,0.314285714285714,1,0,"Azul vence",-1,-2
"BR1_3227480776",147,-665,-16,1,-1428,-631,-24,389,-254,-12,636,-67,6,1124,612,32,-574,-325,-18,0,1,0,3,0,0.440837438423645,0.543589743589744,-0.102752305166098,1,1,-0.182591768631813,0.0504079254079254,-0.232999694039739,0,1,"Vermelho vence",-1,-3
"BR1_3227482984",1915,2167,20,5,-1397,-813,-24,1828,1211,23,115,-235,-9,1250,1278,26,119,726,4,1,0,2,1,0,0.581151759632772,0.522513914656772,0.0586378449760006,1,1,0.0419884169884169,-0.284351432880845,0.326339849869262,1,0,"Azul vence",1,1
"BR1_3227485539",-1282,-1978,-55,-3,-843,-785,-18,2046,710,11,67,-695,-21,-2225,-376,-22,-327,-832,-5,0,1,3,0,0,0.448017543859649,0.624239028944911,-0.176221485085262,1,1,-0.160714285714286,0.057972582972583,-0.218686868686869,0,1,"Vermelho vence",-1,3
"BR1_3227485916",-1503,-1151,-69,1,-430,360,-32,816,-370,-6,-921,-105,-4,-1928,-1504,-45,960,468,18,0,1,3,0,0,0.424099185701267,0.559177700348432,-0.135078514647165,1,1,-0.355555555555556,-0.0133928571428572,-0.342162698412698,0,1,"Vermelho vence",-1,3
"BR1_3227489488",-1461,-1668,-19,-5,696,743,18,-352,-222,3,152,-267,3,-1271,-857,-36,-686,-1065,-7,0,0,3,0,1,0.534822384507403,0.456342231373391,0.078480153134012,1,1,-0.371276353276353,-0.102084757347915,-0.269191595928438,0,1,"Vermelho vence",0,3
"BR1_3227489633",-5428,-5268,-59,-12,-1462,-1673,-46,-1869,-1680,-18,-558,-391,-15,-764,-865,13,-775,-659,7,0,0,0,2,1,0.532983451536643,0.564141642671054,-0.0311581911344113,1,1,-0.0513565891472868,0.0151340996168582,-0.0664906887641451,0,1,"Vermelho vence",0,-2
"BR1_3227496768",330,1111,-13,3,558,925,11,-475,32,-2,1006,657,-2,-958,-697,-25,199,194,5,0,1,3,0,1,0.444459380479252,0.545174603174603,-0.100715222695351,0,0,0,0,0,0,1,"Vermelho vence",-1,3
"BR1_3227501867",-166,-205,-10,0,-142,-372,-8,0,-11,0,150,558,9,-175,-221,-10,1,-159,-1,0,0,0,0,0,0.523276301757314,0.516819346837536,0.00645695491977816,0,1,0,0.0209942084942085,-0.0209942084942085,1,0,"Azul vence",0,0
"BR1_3227502006",-3111,-1063,-38,-4,-235,-68,1,-292,-325,-5,15,246,2,-2487,-1009,-42,-112,93,6,0,0,0,0,0,0.524328414910268,0.598527167277167,-0.0741987523668994,1,0,-0.0602843915343915,0,-0.0602843915343915,0,1,"Vermelho vence",0,0
"BR1_3227502621",-1491,-1836,-103,2,-1126,-1205,-42,-80,-879,-22,-72,288,-1,545,304,-22,-758,-344,-16,0,1,3,0,1,0.567744588744589,0.488183977812635,0.0795606109319538,1,1,0.029520697167756,-0.25,0.279520697167756,1,0,"Azul vence",-1,3
"BR1_3227504149",-2072,-1428,-38,-3,360,119,11,-41,-358,-7,-1275,-646,-32,-579,212,-11,-537,-755,1,0,0,1,0,1,0.544255411255411,0.576254856254856,-0.0319994449994451,1,1,-0.0360541505278347,0.10823754789272,-0.144291698420555,0,1,"Vermelho vence",0,1
"BR1_3227508230",44,1010,-32,2,1370,897,13,434,684,4,-899,141,-26,-482,-406,-18,-379,-306,-5,0,0,0,3,1,0.524853280442612,0.487561761546724,0.0372915188958879,1,0,-0.069047619047619,0,-0.069047619047619,1,0,"Azul vence",0,-3
"BR1_3227510193",411,390,22,0,-322,379,-11,-575,-58,6,799,1044,15,203,-441,6,306,-534,6,0,0,0,0,0,0.448901098901099,0.539465149455008,-0.0905640505539086,0,1,0,-0.0763888888888889,0.0763888888888889,1,0,"Azul vence",0,0
"BR1_3227512456",2652,57,10,7,-407,-894,-15,82,-1169,-23,1192,983,32,1593,708,15,192,429,1,1,0,0,0,1,0.501187742082479,0.576184004664907,-0.074996262582428,1,1,-0.00336700336700335,-0.0275081643502696,0.0241411609832663,1,0,"Azul vence",1,0
"BR1_3227518497",-2353,-2002,-36,-3,-984,-706,-25,-1572,-598,0,-540,-968,-10,662,283,16,81,-13,-17,0,1,3,0,0,0.445699797160243,0.481205079099088,-0.0355052819388448,1,0,0.12797619047619,0,0.12797619047619,0,1,"Vermelho vence",-1,3
"BR1_3227518556",937,807,34,0,334,-28,-11,50,-118,1,-542,190,9,1165,797,38,-70,-34,-3,1,0,0,0,1,0.543524516419253,0.427237419790611,0.116287096628642,1,1,0.11959706959707,-0.0147380784590087,0.134335148056078,1,0,"Azul vence",1,0
"BR1_3227522733",496,-844,-4,0,1295,435,21,-451,-713,-28,-125,-562,12,-196,-38,-12,-27,34,3,0,1,0,3,0,0.505799705609769,0.503198429669757,0.00260127594001225,1,1,0.120865093768905,-0.215972222222222,0.336837315991127,1,0,"Azul vence",-1,-3
"BR1_3227522797",-1366,-968,-1,-3,572,188,20,-315,-370,-10,-141,246,-2,-1283,154,-4,-199,-1186,-5,0,1,3,0,0,0.445981731823164,0.401344086021505,0.0446376458016586,1,1,-0.069047619047619,-0.0483405483405484,-0.0207070707070707,1,0,"Azul vence",-1,3
"BR1_3227524201",1766,1058,21,5,1636,1188,22,-40,739,14,165,48,-3,-118,-203,-12,123,-714,0,0,0,1,0,1,0.52310881928529,0.472510029652887,0.050598789632403,1,1,-0.00211640211640211,-0.0261497761497761,0.024033374033374,1,0,"Azul vence",0,1
"BR1_3227532606",3288,1813,28,6,1438,1241,20,603,635,1,1554,704,18,-203,-732,-10,-104,-35,-1,0,0,3,0,0,0.596361023002563,0.403875598086124,0.192485424916438,1,1,0.0974980574980575,-0.0803571428571429,0.1778552003552,1,0,"Azul vence",0,3
"BR1_3227533153",-1042,-492,11,-2,-1647,-1210,-22,455,805,24,-722,-322,3,524,-177,4,348,412,2,0,0,1,0,0,0.495022624434389,0.544871794871795,-0.0498491704374058,1,1,-0.117171717171717,0.193962287712288,-0.311134004884005,0,1,"Vermelho vence",0,1
"BR1_3227540284",-2347,-271,-17,-2,961,1367,17,-1192,-713,-7,-2395,-1019,-16,113,153,-6,166,-59,-5,0,1,3,0,0,0.500134199134199,0.596798719487795,-0.096664520353596,1,0,-0.206579685746352,0,-0.206579685746352,0,1,"Vermelho vence",-1,3
"BR1_3227541561",-430,-274,-31,2,-1313,-717,-17,135,142,2,-101,-292,-8,-702,-676,-11,1551,1269,3,0,0,0,0,1,0.522463549522373,0.478976744186047,0.0434868053363264,0,1,0,0.0522321428571428,-0.0522321428571428,0,1,"Vermelho vence",0,0
"BR1_3227542111",27,-265,10,-1,-747,-558,-26,1439,-281,-9,1039,697,43,-1480,-58,0,-224,-65,2,0,0,3,0,0,0.459601041528752,0.517026417499341,-0.0574253759705888,1,1,-0.228339947089947,0.0323982304245462,-0.260738177514493,0,1,"Vermelho vence",0,3
"BR1_3227542872",-3103,-998,-14,-7,-464,-158,-1,633,141,4,-467,-90,-7,-1272,-732,-12,-1533,-159,2,0,1,3,0,0,0.483275019746347,0.486751094600309,-0.00347607485396223,1,1,-0.272222222222222,-0.1,-0.172222222222222,0,1,"Vermelho vence",-1,3
"BR1_3227543498",498,299,-3,-1,134,-274,1,-174,83,-5,1635,691,9,-849,-204,-9,-248,3,1,0,1,3,0,0,0.568596059113301,0.468978042830035,0.0996180162832653,0,1,0,0.0238095238095238,-0.0238095238095238,1,0,"Azul vence",-1,3
"BR1_3227552522",159,199,-34,1,1650,1082,22,-489,-250,-8,-884,-844,-20,-414,-173,-26,296,384,-2,0,1,0,0,0,0.54965811965812,0.471618604822789,0.0780395148353304,1,1,-0.0763888888888889,0.130769230769231,-0.20715811965812,1,0,"Azul vence",-1,0
"BR1_3227553186",2114,2223,32,5,-44,685,24,894,831,13,612,656,13,-151,-739,-29,803,790,11,0,1,2,0,1,0.410359231411863,0.466238095238095,-0.0558788638262323,1,1,-0.107326007326007,-0.273970398970399,0.166644391644392,1,0,"Azul vence",-1,2
"BR1_3227554443",447,888,-15,1,-518,-299,-7,-497,360,7,1057,480,4,-325,-157,-15,730,504,-4,1,0,3,0,0,0.50778998415335,0.535408866995074,-0.0276188828417242,1,1,-0.119408369408369,0.0928715728715729,-0.212279942279942,0,1,"Vermelho vence",1,3
"BR1_3227556823",-1784,-1246,-10,-4,586,867,21,-285,-852,-28,152,216,9,-1645,-2003,-20,-592,526,8,0,1,2,1,0,0.460579468150897,0.568267982615185,-0.107688514464288,1,1,-0.319047619047619,0.238886113886114,-0.557933732933733,0,1,"Vermelho vence",-1,1
"BR1_3227562813",2873,1200,34,4,429,-46,17,424,337,8,4,230,-3,1272,556,5,744,123,7,0,1,1,2,1,0.51500666000666,0.467526852232735,0.0474798077739254,1,1,0.188333333333333,-0.0657930107526882,0.254126344086021,1,0,"Azul vence",-1,-1
"BR1_3227564044",-5116,-4859,-27,-13,-2286,-1889,-28,-542,-871,-16,-1150,-1029,12,-917,-922,-11,-221,-148,16,0,1,0,3,0,0.491627398970198,0.669438339438339,-0.177810940468141,1,1,-0.0583333333333333,-0.19047619047619,0.132142857142857,0,1,"Vermelho vence",-1,-3
"BR1_3227564679",108,-914,19,0,684,-476,1,159,-220,-5,-417,-375,-3,-251,-34,27,-67,191,-1,0,1,0,3,1,0.48425240441004,0.339864253393665,0.144388151016375,1,1,0.202380952380952,-0.245341614906832,0.447722567287785,1,0,"Azul vence",-1,-3
"BR1_3227565825",-270,-1995,7,-2,-398,-841,-7,-1603,-929,1,37,-519,-11,1419,139,17,275,155,7,0,1,1,0,1,0.451662274923144,0.539789295671649,-0.0881270207485041,1,1,0.106481481481481,0.0799644799644799,0.0265170015170016,0,1,"Vermelho vence",-1,1
"BR1_3227570347",-896,-235,-3,-1,341,446,9,-1135,-38,4,-588,-853,-11,480,-136,-10,6,346,5,1,0,0,3,1,0.620846101464079,0.466713273568537,0.154132827895542,1,1,0.237759216589862,-0.0956098956098956,0.333369112199757,1,0,"Azul vence",1,-3
"BR1_3227570740",-73,82,-50,2,-1159,-1059,-41,537,392,-2,372,139,-11,95,329,-6,82,281,10,0,1,3,0,1,0.527999451528863,0.447683982683983,0.0803154688448806,0,1,0,-0.0706521739130435,0.0706521739130435,1,0,"Azul vence",-1,3
"BR1_3227574260",-2960,-3913,-50,-7,-1761,-2109,-32,-597,-780,-21,14,-76,10,-371,-398,1,-245,-550,-8,0,1,0,3,0,0.471977124183007,0.597924181082076,-0.125947056899069,1,1,0.22962962962963,-0.0333333333333333,0.262962962962963,0,1,"Vermelho vence",-1,-3
"BR1_3227575931",-1777,-686,17,-4,-80,-414,-9,-728,288,12,341,280,16,-1506,-773,-9,196,-67,7,0,1,3,0,1,0.502664523299198,0.574413821472645,-0.0717492981734468,0,1,0,0.261111111111111,-0.261111111111111,0,1,"Vermelho vence",-1,3
"BR1_3227576093",-569,-159,20,-4,672,52,22,-719,-191,-5,892,792,12,-1662,-637,-16,248,-175,7,0,1,3,0,1,0.548601503759399,0.476373906991885,0.072227596767514,1,0,0.375,0,0.375,1,0,"Azul vence",-1,3
"BR1_3227579363",-3535,-4622,-40,-7,195,-390,9,-3311,-2340,-38,-216,-966,-10,-308,-1433,-22,105,507,21,0,1,0,3,1,0.572556680161943,0.537376678167069,0.0351800019948738,0,0,0,0,0,0,1,"Vermelho vence",-1,-3
"BR1_3227579878",-405,-1439,-56,1,-232,-74,-5,2313,560,12,-2316,-1919,-40,-166,-275,-16,-4,269,-7,0,0,0,3,1,0.409468524251806,0.476527802610406,-0.0670592783585999,1,1,-0.428571428571429,0.414713064713065,-0.843284493284493,0,1,"Vermelho vence",0,-3
"BR1_3227584274",-1325,-1229,6,-2,430,-70,5,-162,53,8,290,101,26,-1965,-917,-27,82,-396,-6,0,1,3,0,0,0.380089133089133,0.465047619047619,-0.084958485958486,0,0,0,0,0,0,1,"Vermelho vence",-1,3
"BR1_3227586826",-2150,-2442,-42,-5,-709,-499,-13,-650,-864,-22,609,-396,8,-1130,-542,-14,-270,-141,-1,0,1,0,1,0,0.417102371312898,0.593727753727754,-0.176625382414856,1,1,-0.337037037037037,0.266812591202835,-0.603849628239872,0,1,"Vermelho vence",-1,-1
"BR1_3227590584",-558,-245,-2,-1,0,0,0,-35,-250,-2,14,31,1,-117,-13,-1,-420,-13,0,0,0,0,0,0,0.386742424242424,0.546333333333333,-0.159590909090909,1,1,0.0223867595818815,-0.00555555555555554,0.0279423151374371,0,1,"Vermelho vence",0,0
"BR1_3227593604",312,567,-19,2,-854,-574,-14,1314,943,11,-779,-388,-16,280,52,1,351,534,-1,0,1,3,0,0,0.45447963800905,0.511787068004459,-0.0573074299954095,0,1,0,-0.00555555555555554,0.00555555555555554,1,0,"Azul vence",-1,3
"BR1_3227597336",2008,956,-31,5,-164,187,-8,1405,553,2,850,709,5,-418,-75,-25,335,-418,-5,0,1,3,0,1,0.524908637461829,0.429193676963493,0.0957149604983359,0,1,0,-0.372222222222222,0.372222222222222,1,0,"Azul vence",-1,3
"BR1_3227602519",-2041,437,36,-6,461,834,32,-100,626,10,-451,-453,-2,-401,-116,-2,-1550,-454,-2,1,0,0,2,0,0.527091617933723,0.570866421713879,-0.0437748037801561,1,1,-0.130523255813953,-0.0145847573479152,-0.115938498466038,0,1,"Vermelho vence",1,-2
"BR1_3227604060",-952,179,21,-5,-1234,-397,-21,478,1177,28,-225,-401,-4,-163,-157,9,192,-43,9,1,0,3,0,0,0.483882783882784,0.569104251012146,-0.085221467129362,1,0,0,0,0,0,1,"Vermelho vence",1,3
"BR1_3227606545",2942,1589,44,4,636,115,14,1301,527,-2,-116,-45,6,873,646,23,248,346,3,1,0,0,0,0,0.498947513769961,0.430428571428571,0.0685189423413899,1,0,0,0,0,1,0,"Azul vence",1,0
"BR1_3227606947",188,669,-21,2,98,428,14,-21,175,10,-633,-606,-30,538,288,-11,206,384,-4,0,1,1,0,0,0.510314579971953,0.485493980567872,0.0248205994040808,1,1,-0.199070852413876,0.144204735323156,-0.343275587737032,0,1,"Vermelho vence",-1,1
"BR1_3227609197",1089,897,42,1,51,-383,-9,-200,918,22,1127,761,22,110,196,5,1,-595,2,1,0,0,3,0,0.570982683982684,0.430272638753651,0.140710045229032,0,0,0,0,0,1,0,"Azul vence",1,-3
"BR1_3227609291",-700,-1643,-77,1,-847,-622,-32,-574,-480,-14,217,-78,-3,539,-625,-32,-35,162,4,0,1,0,0,1,0.488672438672439,0.59764627039627,-0.108973831723832,1,1,-0.0833333333333333,0.301160694162723,-0.384494027496056,0,1,"Vermelho vence",-1,0
"BR1_3227614083",1554,2078,59,1,1263,1036,35,-74,861,18,-444,-470,-20,532,249,18,277,402,8,0,1,3,0,1,0.546079877077999,0.523725981620718,0.0223538954572807,1,1,-0.11062675070028,0.0416666666666667,-0.152293417366947,1,0,"Azul vence",-1,3
"BR1_3227614539",2663,1677,67,1,886,434,25,544,696,19,724,580,23,-17,-150,-3,526,117,3,0,0,0,3,1,0.579645635263613,0.547940367636416,0.0317052676271965,1,1,0.301160694162723,-0.271433809224507,0.57259450338723,1,0,"Azul vence",0,-3
"BR1_3227616226",1160,797,5,4,352,368,4,1099,643,13,852,134,2,-1087,-216,-20,-56,-132,6,1,0,0,0,1,0.497297637003519,0.514694866536972,-0.0173972295334524,1,0,-0.331265508684864,0,-0.331265508684864,0,1,"Vermelho vence",1,0
"BR1_3227617163",-1868,-2696,-54,-5,-1044,-1360,-33,-1298,-1002,-10,662,372,7,284,232,-6,-472,-938,-12,1,0,0,0,1,0.454575757575758,0.558915030198327,-0.10433927262257,1,1,-0.366666666666667,-0.112637362637363,-0.254029304029304,0,1,"Vermelho vence",1,0
"BR1_3227620457",-1804,-855,-17,-6,682,270,24,-823,-188,-6,-1038,-493,-22,-281,-454,-13,-344,10,0,0,1,1,2,1,0.485078603182785,0.621421245421245,-0.136342642238461,1,1,0.0277777777777778,0.110967908902692,-0.0831901311249137,0,1,"Vermelho vence",-1,-1
"BR1_3227622418",-408,705,20,-4,-189,-330,5,-180,-318,-4,1831,926,6,-779,579,11,-1091,-152,2,0,1,3,0,0,0.477147950089127,0.546218487394958,-0.0690705373058315,0,1,0,0.4375,-0.4375,0,1,"Vermelho vence",-1,3
"BR1_3227628641",-3635,-1255,-7,-7,-44,-377,-1,-643,173,6,-1552,-999,-22,-916,455,16,-480,-507,-6,0,0,3,0,0,0.476450428396573,0.604565071385348,-0.128114642988775,1,1,-0.222179904219752,0.284206799229619,-0.506386703449371,0,1,"Vermelho vence",0,3
"BR1_3227631504",1521,305,12,4,1874,1510,33,-47,-524,-10,-599,-555,-21,625,-345,13,-332,219,-3,0,0,0,0,1,0.47140713254999,0.478703071498581,-0.00729593894859104,1,1,-0.011935698817258,0.256394692264257,-0.268330391081516,0,1,"Vermelho vence",0,0
"BR1_3227632439",-1112,-409,-20,3,-79,-504,-11,-739,302,6,-291,-23,-10,52,177,-3,-55,-361,-2,0,0,3,0,1,0.43135593220339,0.536971800984638,-0.105615868781248,0,1,0,0.173611111111111,-0.173611111111111,0,1,"Vermelho vence",0,3
"BR1_3227637628",510,-447,-27,2,218,-58,9,-399,-1292,-27,744,637,3,-394,-181,-19,341,447,7,0,1,0,3,1,0.512231127268721,0.531655509241716,-0.0194243819729949,1,1,0.297627005347594,-0.327795294688334,0.625422300035927,1,0,"Azul vence",-1,-3
"BR1_3227638644",-1302,268,26,-4,-719,-131,-3,244,-81,6,422,424,23,-494,-111,2,-755,167,-2,0,0,0,0,0,0.454159281578636,0.466361011537482,-0.0122017299588457,1,1,-0.117992926613616,-0.0685185185185185,-0.0494744080950977,0,1,"Vermelho vence",0,0
"BR1_3227638996",-1235,-1593,-51,0,-1016,-568,-20,747,444,6,-212,-499,-25,-391,-637,-9,-363,-333,-3,0,0,0,0,1,0.424237703010843,0.566587388515099,-0.142349685504257,1,1,-0.0555555555555555,0.296583001016499,-0.352138556572054,0,1,"Vermelho vence",0,0
"BR1_3227639469",-2956,-2049,-39,-5,-1633,-1519,-33,228,188,3,-1163,-347,-2,211,-454,-4,-599,83,-3,0,0,0,0,0,0.494488795518207,0.622710437710438,-0.12822164219223,1,1,-0.366666666666667,0.35,-0.716666666666667,0,1,"Vermelho vence",0,0
"BR1_3227644912",-332,-1621,-32,-1,-1036,-1363,-22,1192,-103,-11,11,84,2,-293,-249,3,-206,10,-4,0,1,3,0,0,0.515850815850816,0.518381180223286,-0.00253036437246978,1,1,-0.334375,0.4,-0.734375,0,1,"Vermelho vence",-1,3
"BR1_3227645133",-940,-1685,-47,-1,-1704,-1610,-29,-643,-904,-21,-11,-575,12,344,325,-6,1074,1079,-3,0,1,0,0,0,0.375553422481133,0.554619144296564,-0.17906572181543,0,1,0,0,0,0,1,"Vermelho vence",-1,0
"BR1_3227648143",-3783,-3061,-32,-7,-619,-601,4,618,607,8,-1835,-1237,-24,-1478,-1043,-21,-469,-787,1,0,1,1,2,0,0.467924023542001,0.522125229983975,-0.0542012064419742,1,1,0.0277777777777778,0,0.0277777777777778,0,1,"Vermelho vence",-1,-1
"BR1_3227649743",-608,-849,-43,-3,516,630,11,-361,-705,-35,-282,-170,-5,-315,-698,-25,-166,94,11,0,0,0,3,1,0.505793295948902,0.4503081232493,0.0554851726996026,1,1,-0.607142857142857,0.446524064171123,-1.05366692131398,0,1,"Vermelho vence",0,-3
"BR1_3227651603",73,-715,-25,0,-1004,-1282,-33,91,-195,-2,1106,774,13,-204,-433,-7,84,421,4,0,0,3,0,1,0.479361629881154,0.491487179487179,-0.012125549606025,1,1,0.318113912231559,-0.157616687607613,0.475730599839172,1,0,"Azul vence",0,3
"BR1_3227653317",-3401,-1736,-19,-6,867,646,8,-789,-1104,-24,-1165,-556,-1,-1315,-693,-5,-999,-29,3,0,1,0,0,0,0.571979074565281,0.523566598356514,0.0484124762087671,1,1,-0.152777777777778,0.292613636363636,-0.445391414141414,0,1,"Vermelho vence",-1,0
"BR1_3227654364",-2799,-446,5,-5,-14,374,22,80,675,19,637,409,-2,-2704,-1110,-37,-798,-794,3,0,1,3,0,1,0.557623626373627,0.46937564499484,0.0882479813787865,1,1,0,-0.219444444444444,0.219444444444444,1,0,"Azul vence",-1,3
"BR1_3227659704",2108,1236,2,5,-517,-289,-15,702,-155,-7,-26,77,2,1155,941,28,794,662,-6,0,0,1,0,1,0.637701170298628,0.386443937536375,0.251257232762253,1,1,0.0565977011494253,-0.168828522021457,0.225426223170882,1,0,"Azul vence",0,1
"BR1_3227659714",-2868,-1518,-22,-4,299,123,22,-959,190,-3,53,-348,-2,-2291,-1144,-48,30,-339,9,0,0,0,3,1,0.54947209653092,0.504112260288731,0.0453598362421892,1,1,-0.357142857142857,0.446524064171123,-0.80366692131398,0,1,"Vermelho vence",0,-3
"BR1_3227665678",2945,3033,48,4,465,141,10,1436,1301,21,1400,1215,22,-323,16,-14,-33,360,9,1,0,2,0,0,0.55174445131588,0.511613876319759,0.0401305749961213,1,1,-0.0142857142857142,-0.297222222222222,0.282936507936508,1,0,"Azul vence",1,2
"BR1_3227666234",1148,249,36,2,2441,1411,48,-785,-553,-9,-1121,-1325,-24,716,45,16,-103,671,5,0,0,1,2,1,0.551165055757976,0.43349373433584,0.117671321422137,1,1,0.153050766283525,-0.330128205128205,0.48317897141173,1,0,"Azul vence",0,-1
"BR1_3227668390",1496,1504,-16,4,87,559,0,1679,1144,8,-264,-567,-16,-223,-153,-7,217,521,-1,1,0,1,0,1,0.4582860857529,0.642532299741602,-0.184246213988702,1,1,0.0277777777777778,0.446524064171123,-0.418746286393345,0,1,"Vermelho vence",1,1
"BR1_3227671078",-1371,-1006,10,-4,-96,527,19,-1810,-1476,-27,-235,212,15,394,-391,4,376,122,-1,0,1,3,0,1,0.483878787878788,0.423638309256287,0.0602404786225011,1,1,0,-0.00555555555555554,0.00555555555555554,0,1,"Vermelho vence",-1,3
"BR1_3227671274",-1160,-122,-15,0,390,511,14,-487,-594,-3,793,965,6,-1285,-628,-28,-571,-376,-4,0,0,3,0,1,0.469357951285662,0.507683982683983,-0.0383260313983205,1,0,-0.157894736842105,0,-0.157894736842105,0,1,"Vermelho vence",0,3
"BR1_3227671773",251,1053,14,0,906,819,14,-24,9,0,-66,-137,-3,82,265,5,-15,97,-2,0,0,0,0,0,0.591140209962658,0.455010101010101,0.136130108952557,1,0,-0.0463362068965517,0,-0.0463362068965517,1,0,"Azul vence",0,0
"BR1_3227676030",743,786,21,4,1326,495,20,854,716,4,692,459,-14,-2056,-1100,-6,-73,216,17,0,1,0,0,1,0.492769230769231,0.505442239546421,-0.0126730087771902,1,1,0.205938697318008,-0.2,0.405938697318008,1,0,"Azul vence",-1,0
"BR1_3227678203",321,1315,7,0,-83,-87,-1,644,259,9,-180,451,6,328,363,-3,-388,329,-4,0,0,0,0,1,0.480836201012255,0.561406926406926,-0.0805707253946712,1,1,0.0218167701863354,0.28989703989704,-0.268080269710704,0,1,"Vermelho vence",0,0
"BR1_3227681051",3773,1803,41,9,1535,911,36,1660,601,4,230,1159,15,312,-407,0,36,-461,-14,0,0,3,0,1,0.449452927103856,0.522111111111111,-0.0726581840072552,1,1,-0.0188034188034188,0.0166666666666667,-0.0354700854700855,1,0,"Azul vence",0,3
"BR1_3227681590",-3973,-1810,-36,-7,-1572,-1198,-22,-1099,-134,1,621,408,14,-1225,-464,-39,-698,-422,10,0,1,3,0,0,0.546581196581197,0.529733129615482,0.0168480669657142,1,1,-0.152777777777778,0,-0.152777777777778,0,1,"Vermelho vence",-1,3
"BR1_3227682354",-1789,-578,15,-4,601,656,25,-524,-118,-4,-426,-535,-7,-785,-771,1,-655,190,0,1,0,0,2,0,0.481017316017316,0.600211161387632,-0.119193845370316,1,1,-0.25549606024988,0.127032227032227,-0.382528287282107,0,1,"Vermelho vence",1,-2
"BR1_3227682701",1048,872,2,1,418,694,12,-214,197,1,-725,-658,-20,1208,273,6,361,366,3,0,0,0,3,0,0.543979329907041,0.507285714285714,0.0366936156213264,1,1,0.504263621910681,-0.272473290598291,0.776736912508971,1,0,"Azul vence",0,-3
"BR1_3227684681",1317,618,-38,4,288,485,8,313,-22,-6,321,170,-3,-279,-194,-31,674,179,-6,1,0,0,3,1,0.593828609986505,0.523174603174603,0.0706540068119016,1,1,0.0208333333333334,-0.157349896480331,0.178183229813665,1,0,"Azul vence",1,-3
"BR1_3227685941",1297,456,40,2,897,484,12,-326,-874,-17,-280,78,22,859,478,18,147,290,5,1,0,0,3,1,0.505090683454049,0.506214399832377,-0.0011237163783282,1,1,0.224048365427676,-0.173777307963354,0.39782567339103,1,0,"Azul vence",1,-3
"BR1_3227688901",500,452,19,0,199,821,11,6,190,-3,-130,-329,-1,90,273,8,335,-503,4,1,0,0,3,1,0.405014166867615,0.511549235078647,-0.106535068211032,0,1,0,0,0,0,1,"Vermelho vence",1,-3
"BR1_3227691536",-1196,-216,-17,-2,-602,-408,-15,-902,-783,-24,-308,744,-9,459,117,29,157,114,2,0,1,0,0,0,0.534722610722611,0.578718762718763,-0.0439961519961518,0,1,0,0.354166666666667,-0.354166666666667,0,1,"Vermelho vence",-1,0
"BR1_3227693435",1452,1373,57,1,1204,736,40,736,467,6,136,101,11,-323,205,4,-301,-136,-4,0,0,0,0,0,0.575391182772441,0.457239154871651,0.118152027900789,1,1,-0.015403816613494,-0.0317676767676768,0.0163638601541828,1,0,"Azul vence",0,0
"BR1_3227694632",1768,2406,15,3,14,400,-12,871,710,11,523,747,13,229,221,7,131,328,-4,0,0,3,0,0,0.452876404494382,0.433220734068192,0.0196556704261903,1,1,0.198051948051948,0.0810606060606061,0.116991341991342,1,0,"Azul vence",0,3
"BR1_3227695371",2799,1826,19,8,804,1071,2,991,-160,5,1037,845,17,-770,306,-1,737,-236,-4,0,1,0,0,1,0.595491388044579,0.417224600739935,0.178266787304644,1,0,-0.0100506728413705,0,-0.0100506728413705,1,0,"Azul vence",-1,0
"BR1_3227697514",2043,1531,23,4,1144,833,36,-988,-544,-5,463,202,-1,717,816,-1,707,224,-6,1,0,0,2,1,0.585358906213088,0.413686759271059,0.171672146942029,0,0,0,0,0,1,0,"Azul vence",1,-2
"BR1_3227698892",-1130,224,47,-4,-619,-606,-3,-157,952,19,1012,776,25,-555,86,3,-811,-984,3,0,1,2,0,1,0.510231599817807,0.500357854979393,0.00987374483841386,1,0,-0.125,0,-0.125,0,1,"Vermelho vence",-1,2
"BR1_3227703320",-1014,-83,10,-2,97,460,4,-364,-177,-1,-519,-785,-10,14,239,10,-242,180,7,0,0,0,3,0,0.514406593406593,0.548407424508265,-0.0340008311016715,1,1,-0.125,0.0929365079365079,-0.217936507936508,0,1,"Vermelho vence",0,-3
"BR1_3227704561",3664,1657,23,7,-791,-170,-17,1676,349,2,1113,431,12,1828,1021,27,-162,26,-1,0,0,1,0,0,0.616895604395604,0.60022409839483,0.0166715060007743,1,1,0.214285714285714,-0.147247823860727,0.361533538146441,1,0,"Azul vence",0,1
"BR1_3227707154",3881,3530,44,10,-955,-184,-28,1080,1609,41,1670,825,11,1579,191,6,507,1089,14,1,0,3,0,0,0.542784652711123,0.465111561866126,0.0776730908449976,0,1,0,0,0,1,0,"Azul vence",1,3
"BR1_3227708555",479,437,75,-3,907,1081,50,-608,26,0,1479,491,34,-986,-513,-20,-313,-648,11,0,1,2,1,0,0.520129576306047,0.513957874748266,0.0061717015577808,1,1,-0.0842911877394636,-0.173118548118548,0.0888273603790845,1,0,"Azul vence",-1,1
"BR1_3227709765",4713,2668,45,8,-692,-1048,-30,649,543,9,1759,1870,37,2689,1005,36,308,298,-7,0,0,3,0,1,0.553362637362637,0.47754769411131,0.0758149432513274,1,1,0.286760136415309,-0.325580808080808,0.612340944496117,1,0,"Azul vence",0,3
"BR1_3227711280",635,1513,32,-2,759,1054,20,581,162,-2,-236,240,22,-213,-631,-3,-256,688,-5,0,0,0,3,1,0.431156501676026,0.578611375405824,-0.147454873729797,0,1,0,0.125,-0.125,0,1,"Vermelho vence",0,-3
"BR1_3227712843",3333,1724,48,5,726,108,7,589,277,9,764,188,21,595,339,4,659,812,7,0,0,3,0,0,0.539007956671041,0.425386446176838,0.113621510494203,0,0,0,0,0,1,0,"Azul vence",0,3
"BR1_3227713719",1571,397,10,2,1007,892,33,-361,-111,-3,-63,-386,-32,718,164,19,270,-162,-7,0,0,0,0,1,0.498022598870057,0.484957816377171,0.0130647824928853,1,1,0.0166025641025641,-0.0439285714285714,0.0605311355311356,1,0,"Azul vence",0,0
"BR1_3227717848",-662,-2215,-38,2,-958,-1180,-16,-6,210,12,-717,-1525,-41,723,78,5,296,202,2,0,0,0,0,1,0.513333333333333,0.55528894634777,-0.0419556130144366,1,1,0.142054865424431,-0.0440860215053764,0.186140886929807,1,0,"Azul vence",0,0
"BR1_3227720413",-668,-456,17,-2,217,-258,-5,-536,318,15,-1268,-770,-5,1066,104,8,-147,150,4,0,1,3,0,1,0.566727716727717,0.436983766330832,0.129743950396885,1,1,-0.182266009852217,0.445611577964519,-0.627877587816736,0,1,"Vermelho vence",-1,3
"BR1_3227724029",333,-1247,-37,2,-1717,-1630,-33,141,-255,2,695,-40,-12,-34,748,5,1248,-70,1,0,0,0,3,1,0.457212121212121,0.513090909090909,-0.0558787878787878,1,1,0.0357142857142857,-0.0264041514041514,0.0621184371184371,0,1,"Vermelho vence",0,-3
"BR1_3227725914",2927,1642,38,6,666,685,14,527,-33,5,1356,1276,18,68,162,2,310,-448,-1,1,0,2,1,1,0.48,0.495520351856825,-0.015520351856825,1,1,0.126666666666667,-0.119047619047619,0.245714285714286,1,0,"Azul vence",1,1
"BR1_3227726224",-934,-86,-41,3,1262,689,20,-14,-123,-1,853,462,-3,-2985,-859,-55,-50,-255,-2,0,1,3,0,0,0.44795008912656,0.52154119475905,-0.0735911056324899,0,1,0,0.0851053639846743,-0.0851053639846743,0,1,"Vermelho vence",-1,3
"BR1_3227730875",1062,-286,28,-1,1132,385,44,-202,276,7,-622,-1278,-18,551,-357,1,203,688,-6,0,1,2,1,0,0.53600959776378,0.468526932304022,0.0674826654597576,1,1,0.134920634920635,-0.152777777777778,0.287698412698413,0,1,"Vermelho vence",-1,1
"BR1_3227737591",-3283,-1516,2,-6,-447,-419,-3,-1059,217,16,-966,-1118,-24,-918,-99,-1,107,-97,14,0,0,3,0,0,0.455877551020408,0.552540173964323,-0.0966626229439144,1,1,0.0724918356497304,0.165443528235882,-0.0929516925861516,0,1,"Vermelho vence",0,3
"BR1_3227741193",-2396,-1229,-29,-6,726,784,22,-1209,-723,-25,-1772,-434,7,-88,-45,-15,-53,-811,-18,0,1,0,0,0,0.31055133450224,0.564217032967033,-0.253665698464793,1,1,0.0505952380952381,0.0029004329004329,0.0476948051948052,0,1,"Vermelho vence",-1,0
"BR1_3227742723",3660,2750,34,8,1876,1935,14,2437,1522,25,-894,-825,-23,166,202,20,75,-84,-2,0,1,3,0,1,0.494190045248869,0.500110970196576,-0.00592092494770702,1,0,0.214285714285714,0,0.214285714285714,1,0,"Azul vence",-1,3
"BR1_3227743674",1108,-395,1,2,-764,-675,-17,-1094,-604,-9,1504,391,12,1200,38,12,262,455,3,0,0,0,2,0,0.447901766165523,0.506819776714514,-0.0589180105489903,1,1,0.213293650793651,-0.0138888888888889,0.22718253968254,1,0,"Azul vence",0,-2
"BR1_3227747013",-616,-4,25,-4,-372,-460,6,361,422,9,-991,-221,-18,-102,601,25,488,-346,3,0,1,3,0,0,0.475906432748538,0.490598290598291,-0.0146918578497526,0,1,0,0.0208333333333334,-0.0208333333333334,0,1,"Vermelho vence",-1,3
"BR1_3227749406",-1881,-973,6,-5,361,259,4,-1134,-542,-6,1178,985,20,-1223,-1293,-18,-1063,-382,6,0,1,3,0,1,0.569405315614618,0.462156862745098,0.10724845286952,1,1,0.17520202020202,-0.00843253968253971,0.18363455988456,1,0,"Azul vence",-1,3
"BR1_3227749479",-1176,-2634,-1,-3,-1417,-2042,-17,669,-350,-2,-161,-855,-6,-103,-47,27,-164,660,-3,1,0,0,3,1,0.423786631894137,0.585269891500904,-0.161483259606767,1,1,-0.543650793650794,-0.0483405483405484,-0.495310245310245,0,1,"Vermelho vence",1,-3
"BR1_3227756268",-1729,-539,-37,-3,481,778,2,665,339,7,-279,131,-17,-1886,-1206,-41,-710,-581,12,0,1,0,3,0,0.57972850678733,0.489459578188642,0.0902689285986881,1,1,0.0357142857142857,0.0474918356497304,-0.0117775499354447,1,0,"Azul vence",-1,-3
"BR1_3227757650",-986,-1156,-51,1,489,220,-14,697,-655,-11,-478,-537,4,-1801,-293,-38,107,109,8,0,0,0,0,0,0.530330038579595,0.470342928660826,0.0599871099187691,0,1,0,0.0867899558621713,-0.0867899558621713,0,1,"Vermelho vence",0,0
"BR1_3227759348",-486,-65,19,-1,597,488,28,-894,212,8,298,124,5,69,-270,-17,-556,-619,-5,0,1,3,0,0,0.444674854557208,0.513958916900093,-0.0692840623428859,1,1,0.168888888888889,-0.304421768707483,0.473310657596372,1,0,"Azul vence",-1,3
"BR1_3227760881",2572,657,14,6,-802,-854,-27,-94,126,3,1096,940,27,1561,916,20,811,-471,-9,1,0,0,0,0,0.462991786545127,0.519220258002867,-0.0562284714577401,0,0,0,0,0,1,0,"Azul vence",1,0
"BR1_3227765016",-4443,-1842,-24,-9,-370,-377,-8,-711,-49,2,-768,414,2,-1943,-901,-24,-651,-929,4,0,1,0,3,0,0.531016364440513,0.496208791208791,0.0348075732317217,1,1,0.411877394636015,-0.313492063492063,0.725369458128079,1,0,"Azul vence",-1,-3
"BR1_3227767217",-129,193,-34,0,446,514,-12,-78,-26,4,374,327,-5,-1177,-915,-20,306,293,-1,0,1,3,0,0,0.495148629148629,0.454649947753396,0.040498681395233,1,1,0.125952380952381,-0.121609873874256,0.247562254826637,1,0,"Azul vence",-1,3
"BR1_3227768684",1541,1338,80,1,-575,-343,24,145,39,4,506,909,36,382,337,9,1083,396,7,0,1,3,0,1,0.500425837320574,0.478984716530405,0.0214411207901694,1,1,-0.215999278499278,0.0983585858585859,-0.314357864357864,0,1,"Vermelho vence",-1,3
"BR1_3227775677",3776,2026,-12,8,-1461,-1344,-37,2820,1244,8,156,136,1,1425,1042,21,836,948,-5,0,0,0,0,0,0.548599890530925,0.440168458451565,0.10843143207936,1,1,0.474358974358974,-0.342261904761905,0.816620879120879,1,0,"Azul vence",0,0
"BR1_3227778621",-6004,-4308,-62,-12,-1106,-1306,-37,-1008,217,6,-932,-1235,-20,-1356,-1306,-25,-1602,-678,14,0,0,0,0,0,0.561868272933741,0.493549019607843,0.0683192533258983,1,1,-0.0357142857142858,0.415462962962963,-0.451177248677249,0,1,"Vermelho vence",0,0
"BR1_3227779951",-660,-1362,1,-3,794,89,27,-1327,-762,-15,-1207,-1045,-7,932,14,-4,148,342,0,0,1,3,0,1,0.441958776145671,0.532246580417749,-0.0902878042720782,1,1,-0.415740740740741,0.320413436692506,-0.736154177433247,0,1,"Vermelho vence",-1,3
"BR1_3227781925",-738,-589,-12,-1,-1371,-1185,-30,-25,-269,6,-612,-155,-6,628,649,19,642,371,-1,0,1,0,0,0,0.479328449328449,0.337702528136193,0.141625921192257,1,1,0.00378787878787881,-0.0277950310559006,0.0315829098437795,1,0,"Azul vence",-1,0
"BR1_3227784973",-1264,27,20,-3,-688,-620,-13,-618,126,3,345,663,26,-40,30,5,-263,-172,-1,0,1,3,0,0,0.535600539811066,0.475380305968541,0.0602202338425248,1,1,0.108264367816092,-0.123110146558422,0.231374514374514,1,0,"Azul vence",-1,3
"BR1_3227788092",-5611,-2438,-25,-10,-1294,-983,-12,-1449,-806,-6,-1422,-330,-3,-1067,-800,-8,-379,481,4,0,0,0,3,0,0.503904428904429,0.541602037402743,-0.0376976084983143,0,1,0,-0.0483630952380953,0.0483630952380953,0,1,"Vermelho vence",0,-3
"BR1_3227792076",345,1912,32,2,670,1169,13,-1884,3,-8,218,282,18,1030,-49,8,311,507,1,0,0,3,0,0,0.551009696186167,0.467577348140206,0.0834323480459605,1,1,0.2370115995116,-0.237250107250107,0.474261706761707,1,0,"Azul vence",0,3
"BR1_3227798732",-3746,-2934,-58,-7,351,449,19,-48,-662,-5,-1412,-1105,-29,-1618,-502,-44,-1019,-1114,1,0,0,3,0,0,0.454825174825175,0.407051557465091,0.0477736173600835,0,0,0,0,0,1,0,"Azul vence",0,3
"BR1_3227801714",659,1404,-9,-1,804,809,2,799,434,5,255,32,-7,-770,-51,-8,-429,180,-1,0,0,3,0,0,0.518035054190661,0.486833473261317,0.0312015809293434,1,1,0.00378787878787881,0.244848484848485,-0.241060606060606,0,1,"Vermelho vence",0,3
"BR1_3227802611",-251,-1577,-21,-2,-466,-1642,-15,-196,180,2,675,734,8,-397,-566,-17,133,-283,1,0,0,0,0,0,0.466935080323641,0.577204144308326,-0.110269063984685,1,1,-0.0234969853574505,-0.0133928571428572,-0.0101041282145932,0,1,"Vermelho vence",0,0
"BR1_3227806704",-654,-1843,-28,1,-2396,-3162,-53,327,450,8,-714,-885,-17,1642,965,30,487,789,4,0,0,1,2,0,0.547144811412937,0.517627598305309,0.0295172131076282,1,1,-0.0623797498797499,0.0971760721186009,-0.159555821998351,0,1,"Vermelho vence",0,-1
"BR1_3227811366",246,394,-15,0,-375,-521,-24,721,1107,17,183,-444,-6,-251,342,-5,-32,-90,3,1,0,0,3,0,0.523170868347339,0.517731829573935,0.00543903877340401,1,1,-0.0325670498084292,0.130769230769231,-0.16333628057766,0,1,"Vermelho vence",1,-3
"BR1_3227811961",2341,1600,50,4,-579,-754,-6,-12,737,21,477,398,7,1893,620,18,562,599,10,1,0,3,0,0,0.598351624463533,0.480466843501326,0.117884780962207,1,1,0.247082166199813,-0.130681818181818,0.377763984381631,1,0,"Azul vence",1,3
"BR1_3227818020",-366,277,21,-2,-156,-186,-12,-55,708,14,951,464,19,-788,-873,-11,-318,164,11,0,0,0,3,0,0.540430716700549,0.421238145843202,0.119192570857347,1,0,-0.125,0,-0.125,1,0,"Azul vence",0,-3
"BR1_3227818456",-564,-1878,-47,1,-929,-547,-18,-1564,-1893,-41,1975,1170,14,-196,139,-7,150,-747,5,0,0,0,3,1,0.490869539305084,0.464549165120594,0.02632037418449,1,1,0.398412698412698,-0.1875,0.585912698412698,1,0,"Azul vence",0,-3
"BR1_3227821721",1363,1345,4,4,971,648,23,-375,353,-6,133,459,-9,1155,90,2,-521,-205,-6,0,1,3,0,1,0.534032085561497,0.49312865497076,0.0409034305907372,1,1,-0.2250481000481,0.0834761904761905,-0.308524290524291,0,1,"Vermelho vence",-1,3
"BR1_3227825260",-1467,-1093,-27,-3,-2049,-1536,-45,-365,-130,3,-54,-51,-4,539,658,18,462,-34,1,1,0,2,1,1,0.554285714285714,0.428051948051948,0.126233766233766,1,1,0.0443576965669989,0.104821902235695,-0.0604642056686966,0,1,"Vermelho vence",1,1
"BR1_3227827903",1568,1652,27,1,1311,1112,31,171,667,-4,-349,-404,-6,413,72,-6,22,205,12,0,0,1,0,0,0.569174546383849,0.501747052380646,0.0674274940032031,1,1,0.118686868686869,-0.248511904761905,0.367198773448773,1,0,"Azul vence",0,1
"BR1_3227831098",944,-150,-12,2,187,757,20,825,619,7,791,661,14,-855,-1048,-41,-4,-1139,-12,0,0,3,0,0,0.551635627530364,0.461333333333333,0.090302294197031,0,1,0,-0.0142857142857142,0.0142857142857142,1,0,"Azul vence",0,3
"BR1_3227835228",-813,-1031,7,-4,14,-235,3,-1418,-165,8,-987,-1496,-31,1417,553,24,161,312,3,0,1,1,0,1,0.570912031702423,0.514892751358917,0.0560192803435062,1,1,-0.0161538461538461,-0.0156734006734007,-0.000480445480445475,0,1,"Vermelho vence",-1,1
"BR1_3227843712",1422,-308,-5,2,550,266,28,662,-75,-15,-985,-450,-18,767,75,3,428,-124,-3,0,1,0,3,1,0.433788712605674,0.510797510493559,-0.0770087978878851,0,1,0,-0.0833333333333333,0.0833333333333333,1,0,"Azul vence",-1,-3
"BR1_3227844579",5228,3798,48,12,25,-263,-3,1773,871,12,1255,702,28,1280,1065,9,895,1423,2,0,0,0,0,1,0.509538770466481,0.488590560488986,0.0209482099774949,1,1,0.0933333333333334,-0.177403846153846,0.27073717948718,1,0,"Azul vence",0,0
"BR1_3227844589",-1334,-156,31,-7,1626,1653,50,-422,-364,-16,103,-398,-11,-1485,-582,3,-1156,-465,5,0,1,0,3,1,0.515406162464986,0.519133640552995,-0.00372747808800944,1,1,-0.2275,0.281246531246531,-0.508746531246531,0,1,"Vermelho vence",-1,-3
"BR1_3227851303",4020,2026,22,7,903,144,-10,798,1165,9,914,-157,3,1257,888,11,148,-14,9,1,0,0,3,0,0.522246134817563,0.409919652071355,0.112326482746209,1,1,0.217361111111111,-0.0378787878787878,0.255239898989899,1,0,"Azul vence",1,-3
"BR1_3227853212",-2798,-2126,-31,-5,-1186,-1501,-41,-508,338,9,-757,-106,7,81,-311,0,-428,-546,-6,0,1,3,0,1,0.440476621417798,0.482013574660633,-0.0415369532428356,0,1,0,0.216666666666667,-0.216666666666667,0,1,"Vermelho vence",-1,3
"BR1_3227857032",-329,-1442,-20,0,-1137,-1026,-15,43,599,18,130,-638,-3,-181,-177,-19,816,-200,-1,0,0,0,3,0,0.513434227623634,0.537428571428571,-0.0239943438049378,1,1,-0.103670634920635,0.0866402116402116,-0.190310846560847,0,1,"Vermelho vence",0,-3
"BR1_3227858401",-2418,-1361,-31,-4,-1687,-1773,-52,-650,88,5,-466,-163,7,-320,-56,12,705,543,-3,0,1,0,0,0,0.465988766680636,0.518322580645161,-0.0523338139645255,1,1,-0.0952380952380952,0.376436896436896,-0.471674991674992,0,1,"Vermelho vence",-1,0
"BR1_3227862061",-1086,187,1,-4,442,476,20,168,-125,-7,1354,1114,11,-1698,-837,-21,-1352,-441,-2,0,1,3,0,0,0.497806148653606,0.540263736263736,-0.0424575876101299,0,1,0,0.0483870967741935,-0.0483870967741935,0,1,"Vermelho vence",-1,3
"BR1_3227862098",-147,-384,-10,0,-481,-405,3,137,669,12,-812,-885,-10,392,151,-9,617,86,-6,1,0,1,2,1,0.574762525609983,0.489618538324421,0.0851439872855625,0,1,0,-0.198611111111111,0.198611111111111,1,0,"Azul vence",1,-1
"BR1_3227862657",744,720,-11,1,-1003,-490,-25,263,436,-2,384,-248,9,712,498,4,388,524,3,0,0,0,0,1,0.446439246339614,0.513920930974016,-0.0674816846344019,1,1,-0.188612313612314,0.398838383838384,-0.587450697450697,0,1,"Vermelho vence",0,0
"BR1_3227867961",-1972,-796,-9,-4,-1555,-848,-38,645,411,19,-939,-834,-2,394,198,22,-517,277,-10,1,0,3,0,0,0.456666666666667,0.455322580645161,0.00134408602150543,1,1,-0.0142857142857142,0.0238095238095238,-0.0380952380952381,0,1,"Vermelho vence",1,3
"BR1_3227869258",-1845,-675,-35,-3,-1092,-469,-35,604,806,16,-481,-606,-19,-482,366,7,-394,-772,-4,0,1,3,0,1,0.496190476190476,0.560277957336781,-0.0640874811463047,0,1,0,0.193593073593074,-0.193593073593074,0,1,"Vermelho vence",-1,3
"BR1_3227872168",-5566,-4701,-88,-11,-1524,-1763,-18,-504,-793,-25,116,-39,-2,-2598,-1024,-36,-1056,-1082,-7,0,1,0,1,0,0.44090066922325,0.555619047619048,-0.114718378395798,1,1,-0.0545238095238095,-0.0350529100529101,-0.0194708994708995,0,1,"Vermelho vence",-1,-1
"BR1_3227872252",-2846,-1193,-2,-5,839,841,41,-471,-319,0,803,1062,9,-3132,-1127,-36,-885,-1650,-16,0,1,3,0,0,0.486808134394341,0.468222222222222,0.018585912172119,0,1,0,0.0483870967741935,-0.0483870967741935,1,0,"Azul vence",-1,3
"BR1_3227874037",-3226,-2193,-29,-8,-858,-306,-1,220,226,12,193,-11,-5,-2200,-856,-39,-581,-1246,4,0,1,0,1,0,0.428809523809524,0.508124921055956,-0.0793153972464318,1,1,-0.479166666666667,-0.0833333333333333,-0.395833333333333,0,1,"Vermelho vence",-1,-1
"BR1_3227876456",-796,-992,-38,0,177,-152,1,28,-309,-15,-1134,289,-20,-13,-1031,-12,146,211,8,0,1,1,2,0,0.4322030651341,0.558639636225843,-0.126436571091744,1,1,-0.0666666666666667,0.193593073593074,-0.26025974025974,0,1,"Vermelho vence",-1,-1
"BR1_3227878757",1314,753,24,2,-32,793,12,27,-231,-2,114,-11,10,482,-16,3,723,218,1,1,0,0,2,0,0.565108904167728,0.547858294930876,0.0172506092368521,1,0,-0.393846153846154,0,-0.393846153846154,0,1,"Vermelho vence",1,-2
"BR1_3227881591",-786,-1935,-48,1,-1669,-967,-37,-213,-567,-11,221,-417,-18,816,261,21,59,-245,-3,0,0,3,0,1,0.46,0.549754578754579,-0.0897545787545788,0,1,0,0.193593073593074,-0.193593073593074,0,1,"Vermelho vence",0,3
"BR1_3227881979",1675,85,-17,6,-193,-296,-10,688,493,4,-522,-925,-29,1391,921,24,311,-108,-6,0,1,3,0,0,0.54390645347861,0.46744067230677,0.0764657811718396,1,1,0.166666666666667,-0.128253968253968,0.294920634920635,1,0,"Azul vence",-1,3
"BR1_3227882647",5211,4218,26,11,96,571,-25,1514,738,16,1120,1517,1,2105,1295,39,376,97,-5,1,0,0,3,1,0.462480997263606,0.426925770308123,0.0355552269554828,0,1,0,0.0483870967741935,-0.0483870967741935,1,0,"Azul vence",1,-3
"BR1_3227882735",1012,-906,-36,3,311,-173,5,-558,-1099,-25,317,-807,-15,1576,1377,11,-634,-204,-12,1,0,0,3,0,0.544539682539683,0.387337662337662,0.15720202020202,1,1,0.0476190476190476,-0.120192307692308,0.167811355311355,1,0,"Azul vence",1,-3
"BR1_3227885962",726,931,9,2,65,280,-11,-96,-107,-14,-85,236,16,351,935,20,491,-413,-2,1,0,3,0,1,0.484604963663787,0.530839617898441,-0.0462346542346543,0,1,0,0.0483870967741935,-0.0483870967741935,0,1,"Vermelho vence",1,3
"BR1_3227887353",-591,-66,7,-1,199,682,24,827,180,-6,15,56,-3,-1585,-405,-11,-47,-579,3,0,1,0,0,0,0.47269627962399,0.570787878787879,-0.0980915991638884,1,1,-0.0833333333333333,0.411111111111111,-0.494444444444445,0,1,"Vermelho vence",-1,0
"BR1_3227888223",-4828,-3120,-68,-9,-1380,-713,-35,-1204,-1445,-29,448,350,18,-1651,-790,-19,-1041,-522,-3,0,1,0,0,0,0.503666666666667,0.554936396936397,-0.0512697302697303,1,1,-0.0666666666666667,0.193593073593074,-0.26025974025974,0,1,"Vermelho vence",-1,0
"BR1_3227891700",473,2,13,-2,617,406,18,-333,-809,-17,385,606,14,333,39,6,-529,-240,-8,0,0,1,0,0,0.485901195578615,0.47571641336984,0.0101847822087751,1,1,-0.194444444444444,0.411111111111111,-0.605555555555556,0,1,"Vermelho vence",0,1
"BR1_3227891878",-747,-260,-33,1,117,264,-8,-548,-513,-13,662,-94,0,-399,310,-15,-579,-227,3,0,1,3,0,0,0.381003653556845,0.502922077922078,-0.121918424365233,1,1,-0.19047619047619,-0.0233928571428571,-0.167083333333333,0,1,"Vermelho vence",-1,3
"BR1_3227894423",195,-283,-31,1,668,247,-9,657,280,-13,-777,-18,-27,-449,-88,17,96,-704,1,0,1,3,0,1,0.523616215717056,0.441070458952812,0.0825457567642442,1,0,-0.194444444444444,0,-0.194444444444444,0,1,"Vermelho vence",-1,3
"BR1_3227894754",-1704,-2369,-26,-6,-634,-457,-28,415,-290,-7,248,-302,11,-1118,-1227,-8,-615,-93,6,0,0,2,0,0,0.528899766899767,0.418795180722892,0.110104586176875,0,0,0,0,0,1,0,"Azul vence",0,2
"BR1_3227896596",1234,727,29,4,2070,1123,28,468,227,0,171,206,-5,-1138,-1085,2,-337,256,4,1,0,3,0,1,0.500640333068177,0.504678362573099,-0.00403802950492249,0,1,0,0,0,0,1,"Vermelho vence",1,3
"BR1_3227896848",-1241,-233,-25,0,840,673,-6,-835,-718,-11,476,380,8,-748,-282,-25,-974,-286,9,0,1,3,0,1,0.525652173913043,0.506266122995984,0.0193860509170598,1,0,0.0476190476190476,0,0.0476190476190476,1,0,"Azul vence",-1,3
"BR1_3227896966",3415,2552,9,8,983,650,11,380,299,-8,581,937,7,1089,753,0,382,-87,-1,0,0,1,1,1,0.523382535396293,0.377666666666667,0.145715868729626,0,1,0,0,0,1,0,"Azul vence",0,0
"BR1_3227905335",-3426,-2473,-39,-8,-484,-450,-4,-1143,-177,-11,-1787,-2006,-34,434,-54,10,-446,214,0,1,0,0,3,1,0.492825396825397,0.522637362637363,-0.0298119658119658,0,1,0,0.44047619047619,-0.44047619047619,0,1,"Vermelho vence",1,-3
"BR1_3227910984",1988,1799,33,4,1206,1107,27,-393,783,17,-463,-881,-20,1099,322,9,539,468,0,1,0,0,0,0,0.496714513556619,0.47227712549498,0.0244373880616385,0,0,0,0,0,1,0,"Azul vence",1,0
"BR1_3227913939",-710,-218,26,-3,1527,1817,46,-599,-738,-22,-400,-1164,-24,-762,-91,24,-476,-42,2,0,1,0,0,0,0.550091220246827,0.54118499203245,0.00890622821437692,0,0,0,0,0,0,1,"Vermelho vence",-1,0
"BR1_3227915891",3502,3985,62,8,1939,1746,17,1507,1004,14,1904,2280,47,-1425,-240,-20,-423,-805,4,1,0,0,0,1,0.521111111111111,0.406663746881138,0.114447364229973,0,1,0,0.15,-0.15,1,0,"Azul vence",1,0
"BR1_3227922495",-2475,-1396,-52,-1,-130,-217,-6,-25,32,8,-1467,-176,-27,-893,-972,-28,40,-63,1,0,1,0,3,0,0.490205503308952,0.565798319327731,-0.0755928160187795,1,1,-0.10812583308032,0.301652142338417,-0.409777975418737,0,1,"Vermelho vence",-1,-3
"BR1_3227925993",-1034,-1368,-22,-2,-403,-704,-26,155,100,-2,319,-173,-3,-650,-179,3,-455,-412,6,0,0,3,0,1,0.413913425755531,0.522606048615021,-0.10869262285949,1,1,0.0698005698005698,0.450892857142857,-0.381092287342287,0,1,"Vermelho vence",0,3
"BR1_3227929043",3372,2017,35,8,-745,-331,8,1296,-63,-23,1562,1814,38,773,680,7,486,-83,5,0,1,0,0,1,0.539081017022193,0.492489564698867,0.0465914523233265,1,1,0.0277777777777778,-0.184633497133497,0.212411274911275,1,0,"Azul vence",-1,0
"BR1_3227929659",-836,-168,39,-4,-732,-254,-11,-786,-338,2,450,264,38,324,144,17,-92,16,-7,0,0,0,0,1,0.524293478260869,0.584662004662005,-0.0603685264011351,1,1,-0.193839047287323,0.00019441809707391,-0.194033465384397,0,1,"Vermelho vence",0,0
"BR1_3227933337",-2017,-1556,-38,-4,-1223,-1251,-32,-999,-133,-9,-1161,-596,2,1007,106,-8,359,318,9,0,1,0,3,0,0.521782661782662,0.52125,0.000532661782661759,0,0,0,0,0,0,1,"Vermelho vence",-1,-3
"BR1_3227933577",-872,1319,18,-1,1611,2009,26,-1707,-1316,-10,-406,-155,-15,239,138,13,-609,643,4,1,0,0,3,1,0.408090909090909,0.525759912602018,-0.117669003511109,0,0,0,0,0,0,1,"Vermelho vence",1,-3
"BR1_3227936554",-1957,-1217,-28,-4,-1064,-785,-37,158,248,6,-502,-96,-15,-523,309,5,-26,-893,13,0,1,0,0,0,0.513647058823529,0.498707004377736,0.0149400544457933,0,0,0,0,0,0,1,"Vermelho vence",-1,0
"BR1_3227939825",-2174,-2364,-23,-6,-811,-585,-11,-437,-919,-13,-390,-438,-6,-93,-468,9,-443,46,-2,0,0,0,3,1,0.455084073820916,0.508218390804598,-0.0531343169836819,1,1,-0.207075444880323,0.121436896436896,-0.328512341317219,0,1,"Vermelho vence",0,-3
"BR1_3227942458",286,136,7,0,56,-375,10,-360,-469,-18,-399,317,-5,925,145,19,64,518,1,0,1,1,2,0,0.53275273745862,0.506893179530405,0.0258595579282153,1,1,-0.341122004357298,0.160958103504003,-0.502080107861302,0,1,"Vermelho vence",-1,-1
"BR1_3227943361",-5684,-5068,-90,-11,-322,-552,-11,-356,-270,-2,-1869,-1914,-38,-2045,-1272,-41,-1092,-1060,2,0,1,3,0,0,0.531300699300699,0.483412435265884,0.0478882640348158,1,1,0.0208333333333334,0.13171242337909,-0.110879090045757,0,1,"Vermelho vence",-1,3
"BR1_3227944928",4186,3259,78,5,1089,1218,21,1230,628,3,565,567,15,676,436,28,626,410,11,0,0,0,0,0,0.474980220628437,0.438509466437177,0.0364707541912599,0,0,0,0,0,0,1,"Vermelho vence",0,0
"BR1_3227948081",3290,3168,8,6,-32,454,-3,-801,-87,2,2314,1857,22,608,266,-10,1201,678,-3,0,0,3,0,1,0.493066933066933,0.468235432013924,0.0248315010530089,1,1,0.192708333333333,0.0769230769230769,0.115785256410256,1,0,"Azul vence",0,3
"BR1_3227949329",-309,-295,-35,1,-1375,-1078,-32,1004,178,6,-390,-65,-6,-214,501,7,666,169,-10,1,0,0,1,0,0.534735085523571,0.467087413246445,0.0676476722771265,1,1,0.186590976044437,-0.239174836601307,0.425765812645744,1,0,"Azul vence",1,-1
"BR1_3227952671",114,349,7,0,0,0,0,40,50,2,79,279,4,0,0,0,-5,20,1,0,0,0,0,0,0.531232439170574,0.503277054742492,0.027955384428082,1,1,0.135416666666667,-0.183905723905724,0.319322390572391,1,0,"Azul vence",0,0
"BR1_3227954883",-1316,-417,32,-6,-75,-57,8,347,468,14,-498,-880,5,-503,553,2,-587,-501,3,1,0,3,0,1,0.452948717948718,0.589441358546178,-0.13649264059746,0,0,0,0,0,0,1,"Vermelho vence",1,3
"BR1_3227957504",-1549,-110,-22,-3,-1136,-379,-19,-290,-252,-4,487,146,6,-392,-151,-11,-218,526,6,0,1,3,0,0,0.512321027425209,0.508650945545682,0.00367008187952655,1,0,-0.193055555555556,0,-0.193055555555556,0,1,"Vermelho vence",-1,3
"BR1_3227960982",-1716,-1047,-14,-3,-106,-123,10,-1633,8,-5,-1160,-1473,-19,1239,178,-1,-56,363,1,0,1,0,3,0,0.48904347826087,0.461472291149711,0.027571187111159,0,1,0,-0.130952380952381,0.130952380952381,1,0,"Azul vence",-1,-3
"BR1_3227963952",945,497,29,2,805,520,18,1609,556,18,-1589,212,16,-394,102,-19,514,-893,-4,0,1,0,3,0,0.359040671971706,0.449103448275862,-0.0900627763041557,0,1,0,-0.00555555555555554,0.00555555555555554,0,1,"Vermelho vence",-1,-3
